#Annotated with Bakta v1.11.3, https://github.com/oschwengers/bakta
#Database v6.0, https://doi.org/10.5281/zenodo.4247252
#Sequence Id	Start	Stop	Strand	Locus Tag	Mol Weight [kDa]	Iso El. Point	Pfam hits	Dbxrefs
contig_1	20525	21412	+	OIFKLK_00015	33.0	9.4		
contig_1	22629	22901	-	OIFKLK_00018	10.0	6.9		SO:0001217, UniRef:UniRef50_Q9I7B2
contig_1	36408	36791	+	OIFKLK_00032	14.1	4.5		
contig_1	60318	60659	+	OIFKLK_00047	13.0	9.9		
contig_1	62058	62225	+	OIFKLK_00048	6.4	5.0		
contig_1	64345	64476	-	OIFKLK_00051	4.4	6.0		
contig_1	81580	82563	-	OIFKLK_00072	35.5	8.8		
contig_1	118547	119746	-	OIFKLK_00101	41.6	9.9	PF05488.18|PAAR_motif	PFAM:PF05488.18
contig_1	138371	139444	+	OIFKLK_00120	38.2	10.5		
contig_1	158624	159508	+	OIFKLK_00143	32.7	11.2		
contig_1	165702	166775	-	OIFKLK_00149	40.8	9.4	PF03976.20|PPK2	PFAM:PF03976.20
contig_1	188939	189124	+	OIFKLK_00169	6.5	4.6		
contig_1	234645	234857	-	OIFKLK_00209	7.8	4.9		
contig_1	235073	235654	+	OIFKLK_00210	21.7	7.1	PF06821.19|Ser_hydrolase, PF12697.13|Abhydrolase_6	PFAM:PF06821.19, PFAM:PF12697.13
contig_1	248960	249724	+	OIFKLK_00225	25.4	9.2		
contig_1	269943	270818	-	OIFKLK_00244	30.9	9.8		
contig_1	270824	271288	-	OIFKLK_00245	16.4	5.1		
contig_1	291379	291801	+	OIFKLK_00265	16.4	8.7		
contig_1	292671	293603	-	OIFKLK_00267	33.5	5.3		
contig_1	294687	294872	-	OIFKLK_00269	7.0	9.4		
contig_1	296644	297807	-	OIFKLK_00271	42.4	5.6	PF11678.14|Tle3_C, PF24322.2|Tle3	PFAM:PF11678.14, PFAM:PF24322.2
contig_1	297752	298798	-	OIFKLK_00272	37.9	8.7	PF24322.2|Tle3	PFAM:PF24322.2
contig_1	299296	299859	-	OIFKLK_00274	21.0	5.2		
contig_1	361123	361212	+	OIFKLK_00329	3.5	9.7		
contig_1	418576	419124	-	OIFKLK_00386	19.6	6.8		
contig_1	423038	423604	-	OIFKLK_00391	20.8	4.3		
contig_1	427201	428553	+	OIFKLK_00395	47.8	4.9	PF00448.28|SRP54, PF02881.24|SRP54_N, PF06414.18|Zeta_toxin, PF13401.12|AAA_22	PFAM:PF00448.28, PFAM:PF02881.24, PFAM:PF06414.18, PFAM:PF13401.12
contig_1	436522	436779	-	OIFKLK_00406	9.7	5.5		
contig_1	439110	439529	-	OIFKLK_00410	15.3	6.6	PF14467.12|DUF4426	PFAM:PF14467.12
contig_1	443592	443762	-	OIFKLK_00414	6.1	11.3	PF02594.21|DUF167	PFAM:PF02594.21
contig_1	474228	475601	-	OIFKLK_00441	50.7	5.6		SO:0001217, UniRef:UniRef50_Q9I695
contig_1	534946	535248	+	OIFKLK_00488	11.0	6.7		SO:0001217, UniRef:UniRef50_Q9I652
contig_1	535245	535430	+	OIFKLK_00489	6.6	11.8		
contig_1	535393	536013	-	OIFKLK_00490	23.3	6.9	PF02798.26|GST_N, PF13409.12|GST_N_2, PF13410.11|GST_C_2, PF13417.12|GST_N_3	PFAM:PF02798.26, PFAM:PF13409.12, PFAM:PF13410.11, PFAM:PF13417.12
contig_1	543614	544183	+	OIFKLK_00498	20.4	6.6	PF00440.29|TetR_N, PF16925.10|TetR_C_13, PF21993.1|TetR_C_13_2	PFAM:PF00440.29, PFAM:PF16925.10, PFAM:PF21993.1
contig_1	549753	550196	+	OIFKLK_00504	17.0	5.1		SO:0001217, UniRef:UniRef50_Q9I637
contig_1	552728	553171	+	OIFKLK_00506	16.6	5.2	PF12568.14|PanZ, PF13302.13|Acetyltransf_3, PF13508.13|Acetyltransf_7, PF13673.13|Acetyltransf_10	PFAM:PF12568.14, PFAM:PF13302.13, PFAM:PF13508.13, PFAM:PF13673.13
contig_1	572415	572645	+	OIFKLK_00528	7.9	4.8		
contig_1	596763	596999	+	OIFKLK_00554	8.9	6.3		SO:0001217, UniRef:UniRef50_A6UYZ1
contig_1	598964	599227	-	OIFKLK_00557	9.9	5.6		SO:0001217, UniRef:UniRef50_A0A2R3INH8
contig_1	630155	630625	-	OIFKLK_00593	17.5	4.7		
contig_1	635121	635456	-	OIFKLK_00597	12.6	7.8		
contig_1	680847	681017	-	OIFKLK_00637	5.9	8.0		SO:0001217, UniRef:UniRef50_A0A0C6F2B6
contig_1	681468	681827	+	OIFKLK_00639	13.4	9.1		
contig_1	682286	682639	+	OIFKLK_00640	12.1	5.3		
contig_1	708926	709645	+	OIFKLK_00672	27.2	9.7		
contig_1	724632	725009	-	OIFKLK_00691	14.4	6.7		
contig_1	798282	798749	-	OIFKLK_00764	17.1	10.0		
contig_1	798749	798940	-	OIFKLK_00765	7.2	9.7		
contig_1	800249	800449	-	OIFKLK_00768	6.9	4.1		SO:0001217, UniRef:UniRef50_A0A0S4L5A8
contig_1	800442	800975	-	OIFKLK_00769	20.5	11.0		
contig_1	801645	801929	-	OIFKLK_00771	10.7	6.0		SO:0001217, UniRef:UniRef50_A0A0S4L2V0
contig_1	801926	802267	-	OIFKLK_00772	12.7	9.5		SO:0001217, UniRef:UniRef50_Q5ZR06
contig_1	802269	803435	-	OIFKLK_00773	42.9	6.2	PF13401.12|AAA_22	PFAM:PF13401.12
contig_1	806518	806778	-	OIFKLK_00777	9.6	4.4		
contig_1	809538	809696	+	OIFKLK_00782	5.7	5.7		
contig_1	813986	815560	+	OIFKLK_00789	57.5	5.1		
contig_1	817576	818685	+	OIFKLK_00792	39.5	5.1		
contig_1	820968	821420	+	OIFKLK_00796	16.1	5.3	PF23840.1|Phage_tail_terminator	PFAM:PF23840.1
contig_1	821417	821620	+	OIFKLK_00797	7.3	7.9	PF23843.1|DUF7210	PFAM:PF23843.1
contig_1	831153	831383	+	OIFKLK_00805	8.3	6.0		
contig_1	851849	852070	-	OIFKLK_00821	8.1	9.4		
contig_1	908127	908873	+	OIFKLK_00876	28.3	7.8		SO:0001217, UniRef:UniRef50_Q9HWX9
contig_1	910265	910684	+	OIFKLK_00879	15.2	11.2		
contig_1	942282	942575	+	OIFKLK_00907	9.9	6.0		
contig_1	943283	945022	-	OIFKLK_00909	62.6	5.7	PF02493.26|MORN	PFAM:PF02493.26
contig_1	998992	999399	-	OIFKLK_00965	15.7	5.0		SO:0001217, UniRef:UniRef50_Q9HX56
contig_1	1005465	1006154	+	OIFKLK_00973	24.2	4.3		
contig_1	1062810	1063595	-	OIFKLK_01018	29.9	8.5		
contig_1	1063592	1063975	-	OIFKLK_01019	14.8	5.5		SO:0001217, UniRef:UniRef50_Q9HXA7
contig_1	1085954	1086055	-	OIFKLK_01041	3.4	5.4		
contig_1	1105310	1105624	-	OIFKLK_01060	11.2	5.8		
contig_1	1109874	1111445	-	OIFKLK_01065	57.9	8.9	PF00270.35|DEAD, PF00271.37|Helicase_C	PFAM:PF00270.35, PFAM:PF00271.37
contig_1	1117705	1118019	+	OIFKLK_01072	11.2	9.5	PF01541.30|GIY-YIG	PFAM:PF01541.30
contig_1	1127048	1127170	+	OIFKLK_01083	4.8	8.5		
contig_1	1166756	1166956	+	OIFKLK_01121	7.8	4.3		
contig_1	1186463	1187878	+	OIFKLK_01140	52.2	9.6	PF03413.25|PepSY	PFAM:PF03413.25
contig_1	1199935	1200717	+	OIFKLK_01155	28.1	10.0		
contig_1	1251242	1251364	+	OIFKLK_01200	4.4	7.8		
contig_1	1274643	1275068	+	OIFKLK_01218	15.6	4.9		
contig_1	1279056	1279859	-	OIFKLK_01222	29.5	5.5		
contig_1	1306407	1306811	-	OIFKLK_01246	14.5	7.8		
contig_1	1338822	1339016	-	OIFKLK_01275	7.3	4.7		
contig_1	1339184	1339504	-	OIFKLK_01276	11.4	4.7		
contig_1	1339497	1339697	-	OIFKLK_01277	7.7	5.5		SO:0001217, UniRef:UniRef50_A0A0S2SY76
contig_1	1339687	1340349	-	OIFKLK_01278	24.7	5.3		SO:0001217, UniRef:UniRef50_A0A9P1VY87
contig_1	1340623	1341339	-	OIFKLK_01280	26.5	5.2		
contig_1	1341332	1341715	-	OIFKLK_01281	14.1	9.8		SO:0001217, UniRef:UniRef50_A0A643FGA5
contig_1	1341727	1343145	-	OIFKLK_01282	51.1	4.8		
contig_1	1343315	1343563	-	OIFKLK_01284	8.6	4.8		SO:0001217, UniRef:UniRef50_A0A0U4J8Y4
contig_1	1344420	1345037	-	OIFKLK_01286	23.5	7.7		
contig_1	1345600	1345977	-	OIFKLK_01288	14.2	9.3		SO:0001217, UniRef:UniRef50_A0A2C9WX58
contig_1	1346042	1346344	-	OIFKLK_01289	11.3	5.0		SO:0001217, UniRef:UniRef50_A0A0U4ISH7
contig_1	1346344	1346658	-	OIFKLK_01290	11.6	4.3		SO:0001217, UniRef:UniRef50_A0A0U4KL54
contig_1	1347093	1347341	-	OIFKLK_01291	9.2	9.5		SO:0001217, UniRef:UniRef50_A0A1B0YZY1
contig_1	1349178	1349399	-	OIFKLK_01294	8.1	9.3		
contig_1	1349604	1349882	-	OIFKLK_01295	10.2	9.5		SO:0001217, UniRef:UniRef50_A0A5E6ZZC9
contig_1	1349942	1350109	-	OIFKLK_01296	6.1	9.9		
contig_1	1350624	1350830	-	OIFKLK_01297	7.8	6.8		SO:0001217, UniRef:UniRef50_A0A1G8LG66
contig_1	1350841	1351047	-	OIFKLK_01298	7.7	9.3		SO:0001217, UniRef:UniRef50_A0A7M2ZMR3
contig_1	1353435	1354181	+	OIFKLK_01301	26.3	8.2	PF13730.12|HTH_36	PFAM:PF13730.12
contig_1	1354178	1354861	+	OIFKLK_01302	24.6	9.9		
contig_1	1357527	1357766	+	OIFKLK_01309	8.8	5.1		SO:0001217, UniRef:UniRef50_A0A0H5AWC3
contig_1	1357980	1358177	+	OIFKLK_01310	7.0	4.6		
contig_1	1361580	1361795	+	OIFKLK_01314	8.0	6.6		
contig_1	1366201	1366671	+	OIFKLK_01319	17.2	6.1		SO:0001217, UniRef:UniRef50_A0A1H6NMW5
contig_1	1366675	1366869	+	OIFKLK_01320	6.9	8.1	PF23843.1|DUF7210	PFAM:PF23843.1, SO:0001217, UniRef:UniRef50_A0A2C9WX29
contig_1	1369295	1371778	+	OIFKLK_01323	89.3	9.1		
contig_1	1376938	1377525	+	OIFKLK_01329	20.6	5.9		
contig_1	1377518	1377709	+	OIFKLK_01330	6.7	4.1		
contig_1	1379111	1379413	+	OIFKLK_01333	10.6	4.5		
contig_1	1380798	1381091	-	OIFKLK_01337	11.0	4.6		SO:0001217, UniRef:UniRef50_A0AAQ3LV53
contig_1	1454311	1455198	-	OIFKLK_01407	32.8	6.5	PF00126.33|HTH_1	PFAM:PF00126.33
contig_1	1478698	1478874	-	OIFKLK_01429	6.8	10.1		
contig_1	1486836	1487144	+	OIFKLK_01437	11.1	9.1		SO:0001217, UniRef:UniRef50_A0A8G7GGS2
contig_1	1499444	1499857	-	OIFKLK_01446	14.3	10.6		
contig_1	1508907	1509215	-	OIFKLK_01454	10.9	9.8		
contig_1	1528010	1528441	+	OIFKLK_01468	14.9	11.1		
contig_1	1551989	1552306	+	OIFKLK_01487	11.5	5.7		
contig_1	1552291	1553421	+	OIFKLK_01488	41.0	6.3	PF00206.25|Lyase_1, PF10397.14|ADSL_C	PFAM:PF00206.25, PFAM:PF10397.14
contig_1	1582120	1583487	-	OIFKLK_01517	49.4	9.1		
contig_1	1603603	1604268	+	OIFKLK_01531	24.1	5.4		SO:0001217, UniRef:UniRef50_A0A0R0BZQ7
contig_1	1625477	1625821	-	OIFKLK_01559	12.6	5.1	PF05899.18|Cupin_3	PFAM:PF05899.18
contig_1	1627353	1628159	-	OIFKLK_01561	30.7	6.7	PF00165.29|HTH_AraC, PF12680.13|SnoaL_2, PF12833.13|HTH_18	PFAM:PF00165.29, PFAM:PF12680.13, PFAM:PF12833.13
contig_1	1652222	1652707	+	OIFKLK_01582	17.6	6.4		
contig_1	1654964	1656097	+	OIFKLK_01585	42.6	6.5	PF01061.29|ABC2_membrane	PFAM:PF01061.29
contig_1	1658553	1659089	-	OIFKLK_01589	19.3	5.4		
contig_1	1680942	1681088	-	OIFKLK_01615	5.3	6.5		
contig_1	1724879	1725118	-	OIFKLK_01655	8.9	4.3	PF00550.31|PP-binding	PFAM:PF00550.31
contig_1	1743551	1744363	+	OIFKLK_01667	30.1	5.3		
contig_1	1748762	1749490	-	OIFKLK_01672	26.0	6.6		
contig_1	1785420	1785662	-	OIFKLK_01702	8.9	9.8		
contig_1	1785978	1787318	+	OIFKLK_01703	48.6	5.3	PF22137.1|T6SS_Tle1-like_C	PFAM:PF22137.1
contig_1	1788357	1788872	-	OIFKLK_01706	18.2	5.4	PF00023.36|Ank, PF12796.13|Ank_2, PF13606.12|Ank_3, PF13637.12|Ank_4, PF13857.12|Ank_5	PFAM:PF00023.36, PFAM:PF12796.13, PFAM:PF13606.12, PFAM:PF13637.12, PFAM:PF13857.12
contig_1	1791737	1792051	+	OIFKLK_01711	10.2	9.0		
contig_1	1798186	1798998	+	OIFKLK_01718	29.3	6.1	PF00106.31|adh_short, PF13561.12|adh_short_C2	PFAM:PF00106.31, PFAM:PF13561.12
contig_1	1800964	1801296	+	OIFKLK_01723	11.6	5.6	PF00270.35|DEAD	PFAM:PF00270.35
contig_1	1849922	1850080	+	OIFKLK_01770	5.5	8.5		
contig_1	1871009	1871488	-	OIFKLK_01794	17.8	10.0		
contig_1	1872980	1873312	-	OIFKLK_01796	13.0	9.8		
contig_1	1873309	1873419	-	OIFKLK_01797	3.9	11.7		
contig_1	1874236	1874595	-	OIFKLK_01799	13.3	10.4		
contig_1	1878456	1879454	+	OIFKLK_01805	36.9	4.3		
contig_1	1898540	1899700	+	OIFKLK_01824	43.7	10.3	PF01479.30|S4	PFAM:PF01479.30
contig_1	1925284	1925397	+	OIFKLK_01846	4.1	8.5		
contig_1	1947149	1948006	+	OIFKLK_01868	31.1	10.8	PF00561.26|Abhydrolase_1, PF06821.19|Ser_hydrolase, PF12146.15|Hydrolase_4, PF12697.13|Abhydrolase_6	PFAM:PF00561.26, PFAM:PF06821.19, PFAM:PF12146.15, PFAM:PF12697.13
contig_1	1951033	1951836	-	OIFKLK_01873	29.3	5.3	PF00903.31|Glyoxalase, PF13508.13|Acetyltransf_7, PF13673.13|Acetyltransf_10	PFAM:PF00903.31, PFAM:PF13508.13, PFAM:PF13673.13
contig_1	2015915	2016409	-	OIFKLK_01931	18.1	10.0		
contig_1	2039504	2039734	-	OIFKLK_01946	8.7	5.4		
contig_1	2044112	2044993	-	OIFKLK_01951	32.7	8.6		SO:0001217, UniRef:UniRef50_Q9HZF6
contig_1	2051200	2051544	+	OIFKLK_01957	13.0	4.8		
contig_1	2081488	2082174	+	OIFKLK_01986	26.4	7.7	PF21842.1|DUF6901	PFAM:PF21842.1, SO:0001217, UniRef:UniRef50_A0A2A2EBK8
contig_1	2102265	2102471	-	OIFKLK_02004	7.3	9.8		
contig_1	2125086	2128304	-	OIFKLK_02030	119.2	4.9	PF00575.29|S1, PF20833.2|RNase_E_G_Thio	PFAM:PF00575.29, PFAM:PF20833.2
contig_1	2154846	2155028	-	OIFKLK_02062	6.2	8.1		
contig_1	2170021	2170293	-	OIFKLK_02074	10.2	9.7		
contig_1	2170315	2170446	+	OIFKLK_02075	4.8	4.2		
contig_1	2171447	2172625	-	OIFKLK_02077	40.0	10.4		
contig_1	2176256	2177764	+	OIFKLK_02082	56.6	5.7		SO:0001217, UniRef:UniRef50_A0A0H2ZL62
contig_1	2208046	2209485	+	OIFKLK_02113	53.5	9.3	PF00155.27|Aminotran_1_2, PF00392.27|GntR	PFAM:PF00155.27, PFAM:PF00392.27
contig_1	2211505	2211927	+	OIFKLK_02116	15.3	9.8		
contig_1	2242560	2242688	-	OIFKLK_02145	4.6	5.4		
contig_1	2247772	2248089	+	OIFKLK_02151	12.0	11.3		
contig_1	2286222	2286995	-	OIFKLK_02192	29.0	7.8		SO:0001217, UniRef:UniRef50_A0A7X1G4E4
contig_1	2290064	2290444	-	OIFKLK_02198	15.2	11.7		
contig_1	2317027	2317119	-	OIFKLK_02228	3.1	9.2		
contig_1	2326228	2326569	-	OIFKLK_02237	12.9	6.6		SO:0001217, UniRef:UniRef50_Q9I062
contig_1	2333778	2333999	+	OIFKLK_02248	8.2	4.1		SO:0001217, UniRef:UniRef50_A0A643J246
contig_1	2339249	2339344	+	OIFKLK_02256	3.3	6.0		
contig_1	2342895	2343266	-	OIFKLK_02263	14.0	8.7		
contig_1	2347209	2347595	+	OIFKLK_02268	13.8	5.6		SO:0001217, UniRef:UniRef50_A0A2R3IPE4
contig_1	2348875	2349072	+	OIFKLK_02271	7.0	4.6		SO:0001217, UniRef:UniRef50_A0A072ZTR1
contig_1	2350994	2351893	-	OIFKLK_02276	33.4	4.9		
contig_1	2352116	2352349	+	OIFKLK_02277	8.5	9.5		SO:0001217, UniRef:UniRef50_A0A2R3J1Z7
contig_1	2352415	2352645	+	OIFKLK_02278	8.8	9.5		SO:0001217, UniRef:UniRef50_A0A2N7Y653
contig_1	2354028	2354249	+	OIFKLK_02281	8.3	6.1	PF11903.14|ParD_like	PFAM:PF11903.14
contig_1	2355082	2355315	+	OIFKLK_02283	8.6	4.7		SO:0001217, UniRef:UniRef50_A6V477
contig_1	2356020	2356109	+	OIFKLK_02285	3.2	8.4		
contig_1	2365648	2365959	-	OIFKLK_02299	12.5	10.4		
contig_1	2367179	2367328	-	OIFKLK_02302	5.8	9.8		
contig_1	2378364	2378642	-	OIFKLK_02308	10.4	5.0		
contig_1	2379768	2380406	+	OIFKLK_02311	23.8	5.0		SO:0001217, UniRef:UniRef50_Q9I0C2
contig_1	2434491	2435081	+	OIFKLK_02360	22.3	9.4	PF07963.17|N_methyl	PFAM:PF07963.17
contig_1	2436737	2437180	+	OIFKLK_02362	16.4	6.7		SO:0001217, UniRef:UniRef50_A0A0G5MC87
contig_1	2443901	2444167	-	OIFKLK_02371	10.0	7.8		
contig_1	2449086	2449394	+	OIFKLK_02378	11.4	11.7		
contig_1	2474816	2476834	-	OIFKLK_02399	73.9	6.5	PF05787.19|PhoX	PFAM:PF05787.19
contig_1	2490892	2491164	-	OIFKLK_02413	9.6	5.5	PF00313.28|CSD	PFAM:PF00313.28
contig_1	2506727	2507032	-	OIFKLK_02428	10.9	4.6	PF04077.17|DsrH	PFAM:PF04077.17
contig_1	2510282	2512645	-	OIFKLK_02435	86.6	4.8		SO:0001217, UniRef:UniRef50_A0A7M3A1B8
contig_1	2512743	2513249	-	OIFKLK_02436	18.0	5.5		SO:0001217, UniRef:UniRef50_A6V3V1
contig_1	2513246	2513647	-	OIFKLK_02437	14.8	7.6		
contig_1	2523088	2523288	-	OIFKLK_02446	7.7	4.5		SO:0001217, UniRef:UniRef50_U2Z2R4
contig_1	2525090	2525587	-	OIFKLK_02449	18.6	9.6		SO:0001217, UniRef:UniRef50_UPI0024B6FE80
contig_1	2525598	2525807	-	OIFKLK_02450	7.9	7.8		
contig_1	2525804	2526025	-	OIFKLK_02451	8.5	5.3		
contig_1	2526009	2526161	-	OIFKLK_02452	6.1	4.2		
contig_1	2526570	2526818	-	OIFKLK_02453	9.3	4.7		SO:0001217, UniRef:UniRef50_A0A0P0A6Y9
contig_1	2527235	2527447	-	OIFKLK_02455	7.4	9.3		
contig_1	2527510	2527731	-	OIFKLK_02456	8.1	9.3		
contig_1	2527936	2528214	-	OIFKLK_02457	10.2	9.5		SO:0001217, UniRef:UniRef50_A0A5E6ZZC9
contig_1	2528274	2528441	-	OIFKLK_02458	6.1	9.9		
contig_1	2528956	2529162	-	OIFKLK_02459	7.8	6.8		SO:0001217, UniRef:UniRef50_A0A1G8LG66
contig_1	2529173	2529379	-	OIFKLK_02460	7.7	6.6		SO:0001217, UniRef:UniRef50_A0A7M2ZMR3
contig_1	2531388	2531873	-	OIFKLK_02462	18.3	9.8		
contig_1	2531911	2532093	+	OIFKLK_02463	6.5	4.1		SO:0001217, UniRef:UniRef50_A0A3S4PWC4
contig_1	2532086	2532886	+	OIFKLK_02464	30.2	6.1		
contig_1	2543508	2543966	+	OIFKLK_02478	16.1	5.0		
contig_1	2544049	2544291	+	OIFKLK_02479	8.7	4.6		
contig_1	2549293	2550408	+	OIFKLK_02486	38.7	5.1		
contig_1	2559324	2559587	+	OIFKLK_02495	9.4	9.1		
contig_1	2559623	2559886	+	OIFKLK_02496	9.7	5.7		
contig_1	2559890	2560402	-	OIFKLK_02497	19.2	5.1		SO:0001217, UniRef:UniRef50_A6V417
contig_1	2584804	2585196	+	OIFKLK_02515	14.3	4.7	PF00550.31|PP-binding	PFAM:PF00550.31
contig_1	2627058	2627426	-	OIFKLK_02544	13.6	6.4		SO:0001217, UniRef:UniRef50_UPI001955A45A
contig_1	2627578	2627820	+	OIFKLK_02545	8.7	10.6		SO:0001217, UniRef:UniRef50_A0A2J7VN65
contig_1	2630252	2631178	-	OIFKLK_02548	32.5	9.6		
contig_1	2634305	2634577	-	OIFKLK_02551	10.1	9.9		
contig_1	2634796	2634933	+	OIFKLK_02552	4.9	7.9		
contig_1	2635133	2636113	-	OIFKLK_02553	35.2	6.5		
contig_1	2639259	2640413	+	OIFKLK_02556	42.9	5.7	PF00512.31|HisKA, PF00672.30|HAMP, PF02518.31|HATPase_c, PF14501.12|HATPase_c_5, PF21085.3|CusS	PFAM:PF00512.31, PFAM:PF00672.30, PFAM:PF02518.31, PFAM:PF14501.12, PFAM:PF21085.3
contig_1	2641048	2641374	+	OIFKLK_02557	12.1	8.1		
contig_1	2641393	2641692	+	OIFKLK_02558	9.6	7.7	PF00403.32|HMA	PFAM:PF00403.32
contig_1	2651210	2652472	-	OIFKLK_02566	43.0	10.1	PF13194.11|DUF4010	PFAM:PF13194.11, SO:0001217, UniRef:UniRef50_A0A142JIB5
contig_1	2661480	2662385	-	OIFKLK_02576	31.1	10.6	PF04536.20|TPM_phosphatase	PFAM:PF04536.20
contig_1	2667706	2667864	-	OIFKLK_02581	5.7	10.0		SO:0001217, UniRef:UniRef50_A0A6S7FDD3
contig_1	2668513	2668752	-	OIFKLK_02583	8.9	10.5		
contig_1	2671028	2671492	+	OIFKLK_02587	16.5	5.4		SO:0001217, UniRef:UniRef50_UPI0034580EEF
contig_1	2690159	2690518	-	OIFKLK_02606	12.7	9.0		
contig_1	2693323	2693793	+	OIFKLK_02612	16.7	5.0		SO:0001217, UniRef:UniRef50_A0A2T0RH70
contig_1	2704829	2705149	+	OIFKLK_02624	11.4	6.5	PF01022.26|HTH_5, PF12840.13|HTH_20	PFAM:PF01022.26, PFAM:PF12840.13
contig_1	2710443	2710670	-	OIFKLK_02630	8.9	11.8		
contig_1	2710760	2711080	-	OIFKLK_02631	12.2	6.4		
contig_1	2713042	2713383	-	OIFKLK_02634	13.3	4.9		SO:0001217, UniRef:UniRef50_Q0AJS5
contig_1	2717921	2718658	-	OIFKLK_02641	26.7	4.5		
contig_1	2718872	2719264	-	OIFKLK_02642	14.8	5.7		SO:0001217, UniRef:UniRef50_A0A3Q9Q0E1
contig_1	2719286	2719498	-	OIFKLK_02643	7.7	7.9		
contig_1	2725466	2726101	+	OIFKLK_02647	21.9	7.9		
contig_1	2736058	2736270	-	OIFKLK_02657	8.3	10.5		
contig_1	2737586	2738086	+	OIFKLK_02659	18.7	9.2	PF03713.19|DUF305	PFAM:PF03713.19
contig_1	2738296	2739132	-	OIFKLK_02660	31.0	11.2		
contig_1	2742200	2742733	+	OIFKLK_02663	19.4	9.8	PF04352.18|ProQ	PFAM:PF04352.18
contig_1	2756987	2757133	+	OIFKLK_02678	5.2	5.6		
contig_1	2757252	2757659	+	OIFKLK_02679	14.9	8.7		SO:0001217, UniRef:UniRef50_Q9I0R7
contig_1	2757718	2759481	-	OIFKLK_02680	65.6	5.0	PF00563.25|EAL, PF00990.26|GGDEF, PF01590.32|GAF	PFAM:PF00563.25, PFAM:PF00990.26, PFAM:PF01590.32
contig_1	2761926	2762438	+	OIFKLK_02683	17.4	9.2		
contig_1	2764440	2764727	+	OIFKLK_02685	10.4	4.4		SO:0001217, UniRef:UniRef50_Q9I0S4
contig_1	2765933	2766079	-	OIFKLK_02688	5.6	9.0		
contig_1	2782852	2783484	+	OIFKLK_02704	24.0	6.2	PF13508.13|Acetyltransf_7, PF13527.13|Acetyltransf_9, PF13673.13|Acetyltransf_10	PFAM:PF13508.13, PFAM:PF13527.13, PFAM:PF13673.13
contig_1	2813010	2813264	+	OIFKLK_02725	9.5	10.3		SO:0001217, UniRef:UniRef50_A6V4T7
contig_1	2840294	2840461	+	OIFKLK_02749	6.2	7.9		
contig_1	2853957	2854988	-	OIFKLK_02761	37.8	5.1	PF00005.33|ABC_tran, PF01078.27|Mg_chelatase	PFAM:PF00005.33, PFAM:PF01078.27
contig_1	2858425	2858619	-	OIFKLK_02766	7.4	5.3		SO:0001217, UniRef:UniRef50_Q9I0Z6
contig_1	2858636	2858755	-	OIFKLK_02767	4.0	9.5		
contig_1	2868126	2869460	+	OIFKLK_02777	49.4	6.0	PF00067.27|p450	PFAM:PF00067.27
contig_1	2901102	2902118	+	OIFKLK_02791	35.7	6.6		
contig_1	2902834	2903901	+	OIFKLK_02792	37.0	5.9	PF24241.1|Deam_C	PFAM:PF24241.1
contig_1	2908517	2908738	-	OIFKLK_02795	8.1	7.9		
contig_1	2923624	2924328	-	OIFKLK_02806	26.2	10.5		
contig_1	2930386	2930820	+	OIFKLK_02811	15.6	10.2		SO:0001217, UniRef:UniRef50_A0A246FB67
contig_1	2932831	2933376	+	OIFKLK_02813	19.4	10.2		
contig_1	2937375	2937584	+	OIFKLK_02817	7.6	6.5		
contig_1	2938622	2938867	-	OIFKLK_02819	9.2	5.4		SO:0001217, UniRef:UniRef50_Q9I153
contig_1	2956864	2957376	-	OIFKLK_02825	20.3	6.2		SO:0001217, UniRef:UniRef50_A0A367M8S3
contig_1	2973810	2974370	-	OIFKLK_02842	19.4	5.1		
contig_1	3026511	3026834	+	OIFKLK_02863	11.6	10.0		
contig_1	3029658	3029894	+	OIFKLK_02867	8.7	5.8		
contig_1	3057156	3057422	+	OIFKLK_02888	10.3	10.0		SO:0001217, UniRef:UniRef50_A6V5C9
contig_1	3100559	3100702	-	OIFKLK_02924	5.6	4.8		
contig_1	3111131	3111289	-	OIFKLK_02935	6.3	11.3		SO:0001217, UniRef:UniRef50_Q9I1G4
contig_1	3121995	3124229	+	OIFKLK_02944	78.2	4.9		
contig_1	3130828	3131577	+	OIFKLK_02948	27.8	6.9	PF00392.27|GntR, PF07702.18|UTRA, PF08220.18|HTH_DeoR	PFAM:PF00392.27, PFAM:PF07702.18, PFAM:PF08220.18
contig_1	3136840	3137805	+	OIFKLK_02954	34.1	5.1	PF00514.29|Arm, PF02985.28|HEAT, PF03130.22|HEAT_PBS, PF12717.13|Cnd1, PF13513.12|HEAT_EZ, PF13646.12|HEAT_2	PFAM:PF00514.29, PFAM:PF02985.28, PFAM:PF03130.22, PFAM:PF12717.13, PFAM:PF13513.12, PFAM:PF13646.12
contig_1	3147200	3147862	-	OIFKLK_02962	24.2	7.0		
contig_1	3147859	3148530	-	OIFKLK_02963	23.6	9.7		
contig_1	3150617	3151561	+	OIFKLK_02966	35.3	6.7	PF00165.29|HTH_AraC, PF12833.13|HTH_18	PFAM:PF00165.29, PFAM:PF12833.13
contig_1	3185535	3186587	-	OIFKLK_02999	38.3	5.4	PF02779.29|Transket_pyr, PF02780.25|Transketolase_C	PFAM:PF02779.29, PFAM:PF02780.25
contig_1	3187858	3187986	-	OIFKLK_03001	4.7	10.6		
contig_1	3193080	3193583	-	OIFKLK_03007	18.0	10.8		
contig_1	3222305	3222643	+	OIFKLK_03028	12.5	7.9		SO:0001217, UniRef:UniRef50_A0A6B1YG87
contig_1	3224571	3224807	+	OIFKLK_03031	8.9	9.2		SO:0001217, UniRef:UniRef50_B3G288
contig_1	3225598	3225828	+	OIFKLK_03032	7.6	9.9		
contig_1	3229374	3229712	+	OIFKLK_03036	12.5	7.9		SO:0001217, UniRef:UniRef50_A0A6B1YG87
contig_1	3231639	3231875	+	OIFKLK_03039	8.9	9.2		SO:0001217, UniRef:UniRef50_B3G288
contig_1	3232665	3232895	+	OIFKLK_03040	7.6	9.9		
contig_1	3236306	3236566	+	OIFKLK_03044	9.5	5.2		SO:0001217, UniRef:UniRef50_UPI00156D790F
contig_1	3238589	3238777	+	OIFKLK_03047	7.1	11.2		
contig_1	3239122	3239466	+	OIFKLK_03048	12.6	9.1		SO:0001217, UniRef:UniRef50_A0A1B3E7R3
contig_1	3239741	3239971	+	OIFKLK_03049	7.6	9.9		
contig_1	3243373	3243633	+	OIFKLK_03053	9.5	5.2		SO:0001217, UniRef:UniRef50_UPI00156D790F
contig_1	3245656	3245844	+	OIFKLK_03056	7.1	11.2		
contig_1	3246189	3246533	+	OIFKLK_03057	12.6	9.1		SO:0001217, UniRef:UniRef50_A0A1B3E7R3
contig_1	3246808	3247038	+	OIFKLK_03058	7.6	9.9		
contig_1	3260302	3260712	+	OIFKLK_03069	15.3	7.9	PF06980.17|DUF1302	PFAM:PF06980.17
contig_1	3261087	3261629	+	OIFKLK_03070	19.7	6.7		SO:0001217, UniRef:UniRef50_Q9APV2
contig_1	3284633	3284785	+	OIFKLK_03088	5.6	11.4		
contig_1	3325020	3325286	+	OIFKLK_03125	10.1	11.5	PF00128.31|Alpha-amylase	PFAM:PF00128.31
contig_1	3329690	3331066	+	OIFKLK_03131	51.4	5.5		
contig_1	3331984	3332214	-	OIFKLK_03133	9.0	5.2		SO:0001217, UniRef:UniRef50_A0A2R3J3L5
contig_1	3336449	3336712	+	OIFKLK_03138	9.9	4.7		
contig_1	3337023	3337373	-	OIFKLK_03140	12.5	7.9		
contig_1	3341741	3341920	-	OIFKLK_03147	6.6	4.2		
contig_1	3367600	3367842	-	OIFKLK_03165	8.8	5.1		SO:0001217, UniRef:UniRef50_Q9I1W6
contig_1	3370785	3370952	-	OIFKLK_03168	5.6	10.1		
contig_1	3371201	3371365	+	OIFKLK_03169	6.1	4.1		SO:0001217, UniRef:UniRef50_A6V637
contig_1	3371451	3371849	+	OIFKLK_03170	15.1	4.9		SO:0001217, UniRef:UniRef50_Q9I1X0
contig_1	3374347	3374634	-	OIFKLK_03172	10.8	6.4		
contig_1	3374877	3375065	+	OIFKLK_03173	6.9	9.3		SO:0001217, UniRef:UniRef50_A6V642
contig_1	3376500	3376739	-	OIFKLK_03176	8.3	4.4	PF02069.22|Metallothio_Pro	PFAM:PF02069.22
contig_1	3379590	3379979	-	OIFKLK_03179	14.1	4.6		
contig_1	3383263	3384120	-	OIFKLK_03184	31.9	9.5	PF00563.25|EAL	PFAM:PF00563.25
contig_1	3391019	3392245	+	OIFKLK_03190	47.6	9.6		
contig_1	3398786	3399691	+	OIFKLK_03196	33.6	9.4	PF00126.33|HTH_1	PFAM:PF00126.33
contig_1	3414033	3414431	+	OIFKLK_03211	14.2	4.9	PF03860.21|DUF326	PFAM:PF03860.21
contig_1	3421124	3421633	-	OIFKLK_03218	19.3	5.8	PF04542.20|Sigma70_r2, PF04545.22|Sigma70_r4, PF08281.18|Sigma70_r4_2	PFAM:PF04542.20, PFAM:PF04545.22, PFAM:PF08281.18
contig_1	3432883	3433377	-	OIFKLK_03228	18.3	6.3		
contig_1	3433503	3434156	-	OIFKLK_03229	24.7	6.0	PF00355.32|Rieske	PFAM:PF00355.32
contig_1	3443981	3444190	+	OIFKLK_03237	7.8	4.7		SO:0001217, UniRef:UniRef50_A0A2R3ITA3
contig_1	3457326	3457994	+	OIFKLK_03244	24.1	7.1	PF00702.32|Hydrolase, PF13242.12|Hydrolase_like	PFAM:PF00702.32, PFAM:PF13242.12
contig_1	3477831	3478784	-	OIFKLK_03260	35.0	9.0	PF16220.10|DUF4880	PFAM:PF16220.10
contig_1	3482090	3482269	-	OIFKLK_03264	6.1	12.0		
contig_1	3503882	3504274	+	OIFKLK_03285	14.5	6.5		SO:0001217, UniRef:UniRef50_Q9I288
contig_1	3509989	3510213	+	OIFKLK_03291	8.2	4.8	PF11462.14|DUF3203	PFAM:PF11462.14
contig_1	3515359	3515577	+	OIFKLK_03295	7.6	8.8		
contig_1	3541772	3542779	+	OIFKLK_03319	35.9	8.8	PF06475.18|Glycolipid_bind	PFAM:PF06475.18
contig_1	3545739	3547565	-	OIFKLK_03322	67.1	8.5	PF00326.27|Peptidase_S9, PF01738.24|DLH, PF07859.19|Abhydrolase_3, PF12146.15|Hydrolase_4, PF20434.5|BD-FAE	PFAM:PF00326.27, PFAM:PF01738.24, PFAM:PF07859.19, PFAM:PF12146.15, PFAM:PF20434.5
contig_1	3550691	3550816	-	OIFKLK_03327	4.9	9.3		
contig_1	3555402	3556049	+	OIFKLK_03331	22.9	5.7	PF00805.28|Pentapeptide, PF13576.12|Pentapeptide_3, PF13599.12|Pentapeptide_4	PFAM:PF00805.28, PFAM:PF13576.12, PFAM:PF13599.12
contig_1	3556765	3557415	-	OIFKLK_03333	23.8	8.8	PF02518.31|HATPase_c, PF07730.19|HisKA_3	PFAM:PF02518.31, PFAM:PF07730.19
contig_1	3557424	3557564	-	OIFKLK_03334	5.0	8.9		
contig_1	3568338	3569846	-	OIFKLK_03342	56.2	9.0	PF08019.17|EptA_B_N, PF08448.16|PAS_4, PF12860.13|PAS_7, PF13188.13|PAS_8	PFAM:PF08019.17, PFAM:PF08448.16, PFAM:PF12860.13, PFAM:PF13188.13
contig_1	3579892	3580392	+	OIFKLK_03351	18.1	5.1		SO:0001217, UniRef:UniRef50_A0AAQ3LLI9
contig_1	3587937	3588464	+	OIFKLK_03361	20.1	7.0	PF13521.12|AAA_28	PFAM:PF13521.12
contig_1	3604021	3604155	+	OIFKLK_03376	4.9	10.4		
contig_1	3606541	3607680	+	OIFKLK_03378	42.7	8.5	PF00199.24|Catalase	PFAM:PF00199.24
contig_1	3610139	3611509	+	OIFKLK_03380	52.1	6.1		SO:0001217, UniRef:UniRef50_A0A6L4YG95
contig_1	3618895	3619191	+	OIFKLK_03386	10.7	4.5	PF24693.1|DUF7660	PFAM:PF24693.1
contig_1	3634464	3634610	+	OIFKLK_03396	5.9	10.7		
contig_1	3640393	3640584	+	OIFKLK_03402	6.4	12.0		SO:0001217, UniRef:UniRef50_A0A844NR83
contig_1	3640715	3641941	+	OIFKLK_03403	46.1	6.5		
contig_1	3642048	3642728	+	OIFKLK_03404	25.4	7.9		SO:0001217, UniRef:UniRef50_Q9I2J1
contig_1	3648082	3648270	+	OIFKLK_03409	7.2	11.9		
contig_1	3660934	3662103	+	OIFKLK_03422	44.0	6.3		SO:0001217, UniRef:UniRef50_Q9I2K1
contig_1	3668889	3669176	+	OIFKLK_03430	10.2	4.1		
contig_1	3673960	3674358	-	OIFKLK_03435	14.7	9.9		
contig_1	3696219	3696644	-	OIFKLK_03448	15.6	4.6		
contig_1	3700320	3700529	-	OIFKLK_03452	7.3	10.7		SO:0001217, UniRef:UniRef50_A6V6U7
contig_1	3710666	3710773	+	OIFKLK_03462	3.9	10.7		
contig_1	3713500	3713721	+	OIFKLK_03465	7.9	6.2		SO:0001217, UniRef:UniRef50_Q9I2P0
contig_1	3731443	3731559	-	OIFKLK_03483	4.2	5.5		SO:0001217, UniRef:UniRef50_A0A024HK40
contig_1	3759191	3761020	+	OIFKLK_03511	70.1	9.7	PF00496.27|SBP_bac_5	PFAM:PF00496.27
contig_1	3767507	3769372	-	OIFKLK_03517	68.8	5.0	PF00639.27|Rotamase, PF13145.12|Rotamase_2, PF13616.12|Rotamase_3, PF13623.11|SurA_N_2, PF13624.11|SurA_N_3	PFAM:PF00639.27, PFAM:PF13145.12, PFAM:PF13616.12, PFAM:PF13623.11, PFAM:PF13624.11
contig_1	3780148	3780264	+	OIFKLK_03527	4.0	4.8		
contig_1	3780438	3780659	-	OIFKLK_03528	8.4	6.1		SO:0001217, UniRef:UniRef50_A6V725
contig_1	3807585	3808082	-	OIFKLK_03554	19.7	8.4	PF04542.20|Sigma70_r2, PF04545.22|Sigma70_r4, PF08281.18|Sigma70_r4_2	PFAM:PF04542.20, PFAM:PF04545.22, PFAM:PF08281.18
contig_1	3822894	3823655	-	OIFKLK_03568	28.8	5.8		
contig_1	3841355	3841594	+	OIFKLK_03587	8.6	11.2		
contig_1	3850106	3850207	+	OIFKLK_03595	3.8	11.7		
contig_1	3903900	3904280	+	OIFKLK_03660	13.3	4.8	PF00903.31|Glyoxalase	PFAM:PF00903.31
contig_1	3937737	3938144	+	OIFKLK_03688	15.1	8.6	PF16985.10|DUF5086	PFAM:PF16985.10
contig_1	3952582	3952671	-	OIFKLK_03702	3.2	5.7		
contig_1	3981017	3981922	+	OIFKLK_03730	34.5	9.4		SO:0001217, UniRef:UniRef50_A0A0D6SVW2
contig_1	3993554	3993790	+	OIFKLK_03742	7.8	4.6		
contig_1	4019709	4020173	-	OIFKLK_03766	17.3	8.1	PF01402.27|RHH_1	PFAM:PF01402.27
contig_1	4024107	4024739	-	OIFKLK_03771	22.1	5.4		
contig_1	4040509	4040814	+	OIFKLK_03787	11.2	9.9	PF01381.28|HTH_3	PFAM:PF01381.28
contig_1	4042003	4042164	+	OIFKLK_03789	5.5	12.0		
contig_1	4042294	4042503	-	OIFKLK_03790	7.8	10.8		SO:0001217, UniRef:UniRef50_A0A4Q8M0X3
contig_1	4086100	4086309	+	OIFKLK_03833	7.6	4.3		
contig_1	4123424	4124275	-	OIFKLK_03866	31.5	8.8		
contig_1	4127192	4127557	-	OIFKLK_03869	13.6	9.7	PF13356.12|Arm-DNA-bind_3	PFAM:PF13356.12
contig_1	4131282	4131374	-	OIFKLK_03873	3.1	5.7		
contig_1	4146746	4146934	-	OIFKLK_03891	7.3	10.0		
contig_1	4175815	4176222	-	OIFKLK_03917	14.8	6.0	PF12680.13|SnoaL_2, PF13474.12|SnoaL_3, PF14534.12|DUF4440	PFAM:PF12680.13, PFAM:PF13474.12, PFAM:PF14534.12
contig_1	4252190	4252606	-	OIFKLK_03988	14.9	10.0		SO:0001217, UniRef:UniRef50_UPI0021566D55
contig_1	4261506	4261841	+	OIFKLK_03999	11.9	4.7		
contig_1	4311192	4311527	+	OIFKLK_04047	13.0	6.9		SO:0001217, UniRef:UniRef50_A6V883
contig_1	4315723	4316142	+	OIFKLK_04052	16.2	5.4	PF12680.13|SnoaL_2, PF13474.12|SnoaL_3	PFAM:PF12680.13, PFAM:PF13474.12
contig_1	4323063	4323197	-	OIFKLK_04058	5.2	11.6		
contig_1	4335333	4335560	+	OIFKLK_04068	8.4	4.8		SO:0001217, UniRef:UniRef50_A0A2R3IMH6
contig_1	4345306	4345560	-	OIFKLK_04078	8.6	6.1		SO:0001217, UniRef:UniRef50_Q9I3V0
contig_1	4347957	4349204	-	OIFKLK_04081	46.5	9.1	PF13524.12|Glyco_trans_1_2, PF13692.12|Glyco_trans_1_4	PFAM:PF13524.12, PFAM:PF13692.12
contig_1	4349726	4350604	-	OIFKLK_04082	33.6	9.5	PF00535.33|Glycos_transf_2	PFAM:PF00535.33
contig_1	4353272	4354522	-	OIFKLK_04085	47.0	6.3	PF13469.12|Sulfotransfer_3	PFAM:PF13469.12
contig_1	4354975	4355961	-	OIFKLK_04086	36.7	4.8	PF00005.33|ABC_tran, PF14524.12|Wzt_C	PFAM:PF00005.33, PFAM:PF14524.12
contig_1	4362983	4363642	+	OIFKLK_04091	23.9	11.9		
contig_1	4366805	4367284	+	OIFKLK_04095	17.7	6.8		SO:0001217, UniRef:UniRef50_A0A3M5DL06
contig_1	4388425	4388592	-	OIFKLK_04115	6.0	5.5		
contig_1	4447085	4447831	+	OIFKLK_04169	28.6	5.8	PF08241.18|Methyltransf_11, PF08242.18|Methyltransf_12, PF13489.12|Methyltransf_23, PF13649.12|Methyltransf_25, PF13847.12|Methyltransf_31	PFAM:PF08241.18, PFAM:PF08242.18, PFAM:PF13489.12, PFAM:PF13649.12, PFAM:PF13847.12
contig_1	4464443	4464976	-	OIFKLK_04186	19.0	10.3		
contig_1	4472822	4473421	+	OIFKLK_04195	21.5	5.4	PF04893.22|Yip1	PFAM:PF04893.22
contig_1	4488449	4488616	+	OIFKLK_04208	6.0	5.9		
contig_1	4489109	4489438	+	OIFKLK_04210	12.0	4.3	PF03927.19|NapD	PFAM:PF03927.19
contig_1	4497630	4497950	-	OIFKLK_04217	10.9	5.0		SO:0001217, UniRef:UniRef50_A0A0H2Z7S9
contig_1	4517369	4517545	-	OIFKLK_04233	6.7	9.6		
contig_1	4517542	4517676	-	OIFKLK_04234	5.0	9.3		
contig_1	4518024	4518317	+	OIFKLK_04235	11.1	6.4		
contig_1	4538323	4538736	+	OIFKLK_04253	16.4	10.5		
contig_1	4538803	4539153	+	OIFKLK_04254	13.5	7.9	PF23296.1|DUF7079	PFAM:PF23296.1, SO:0001217, UniRef:UniRef50_Q9I4K2
contig_1	4552715	4553089	+	OIFKLK_04270	13.6	9.9		SO:0001217, UniRef:UniRef50_Q9I4L8
contig_1	4558224	4558721	-	OIFKLK_04275	18.5	11.0		
contig_1	4580323	4581507	-	OIFKLK_04299	40.1	4.9	PF00700.27|Flagellin_C	PFAM:PF00700.27
contig_1	4588281	4588913	-	OIFKLK_04304	22.3	5.6	PF00132.30|Hexapep, PF17836.7|PglD_N	PFAM:PF00132.30, PFAM:PF17836.7
contig_1	4641777	4642151	+	OIFKLK_04358	13.8	6.6	PF02810.21|SEC-C, PF17775.7|YchJ_M-like	PFAM:PF02810.21, PFAM:PF17775.7
contig_1	4668345	4668656	-	OIFKLK_04384	11.3	8.3	PF01796.24|OB_ChsH2_C	PFAM:PF01796.24
contig_1	4694116	4694727	-	OIFKLK_04409	20.0	4.8	PF00419.26|Fimbrial	PFAM:PF00419.26
contig_1	4695244	4695885	+	OIFKLK_04410	22.7	9.7		
contig_1	4719826	4720020	-	OIFKLK_04440	7.3	6.3		
contig_1	4751512	4751826	+	OIFKLK_04472	12.3	5.1		
contig_1	4761131	4761523	+	OIFKLK_04480	14.8	4.6		
contig_1	4763348	4763887	+	OIFKLK_04482	19.3	9.6	PF13511.11|DUF4124	PFAM:PF13511.11
contig_1	4763908	4764360	-	OIFKLK_04483	16.1	11.6		SO:0001217, UniRef:UniRef50_Q9I546
contig_1	4764413	4764916	-	OIFKLK_04484	17.9	5.9	PF23961.1|Phage_tail_terminator_9	PFAM:PF23961.1, SO:0001217, UniRef:UniRef50_Q9I547
contig_1	4765008	4765283	-	OIFKLK_04485	9.9	10.0	PF05449.16|Phage_holin_3_7	PFAM:PF05449.16
contig_1	4765815	4766345	-	OIFKLK_04487	20.2	9.8		SO:0001217, UniRef:UniRef50_Q9I550
contig_1	4822775	4823080	-	OIFKLK_04542	11.2	6.7		
contig_1	4864206	4865162	+	OIFKLK_04582	35.1	9.8		
contig_1	4866257	4866733	+	OIFKLK_04583	17.6	6.3		
contig_1	4867130	4867675	+	OIFKLK_04584	20.9	7.1		SO:0001217, UniRef:UniRef50_A0A080VQX5
contig_1	4867602	4868330	-	OIFKLK_04585	27.0	10.1	PF24624.1|Int_N	PFAM:PF24624.1
contig_1	4870404	4870889	+	OIFKLK_04588	18.3	4.6		SO:0001217, UniRef:UniRef50_A0A5J6QUI3
contig_1	4871745	4872854	+	OIFKLK_04589	41.6	8.8		SO:0001217, UniRef:UniRef50_B3G212
contig_1	4886568	4887464	-	OIFKLK_04598	33.8	6.4		SO:0001217, UniRef:UniRef50_A0A0C4WSG4
contig_1	4899567	4900553	+	OIFKLK_04605	36.7	6.0		
contig_1	4902301	4902468	-	OIFKLK_04607	6.4	8.1		
contig_1	4906366	4907319	-	OIFKLK_04611	35.2	6.3		SO:0001217, UniRef:UniRef50_N2IN94
contig_1	4908082	4908180	-	OIFKLK_04613	3.8	8.1		
contig_1	4908232	4908375	-	OIFKLK_04614	4.8	9.2		
contig_1	4911021	4911329	-	OIFKLK_04618	11.7	9.8		
contig_1	4924349	4924744	-	OIFKLK_04632	14.3	8.7		
contig_1	4927121	4927444	-	OIFKLK_04636	11.5	10.6		
contig_1	4944857	4945060	-	OIFKLK_04650	7.4	9.3		
contig_1	4996138	4997241	+	OIFKLK_04696	40.6	5.3	PF00378.25|ECH_1, PF16113.10|ECH_2	PFAM:PF00378.25, PFAM:PF16113.10
contig_1	5005448	5006263	+	OIFKLK_04707	30.7	9.6		
contig_1	5006344	5006556	+	OIFKLK_04708	7.7	4.9		
contig_1	5012942	5013568	-	OIFKLK_04715	22.9	5.5		
contig_1	5031400	5031771	-	OIFKLK_04734	13.1	9.0		
contig_1	5063666	5064058	-	OIFKLK_04762	14.6	5.1		SO:0001217, UniRef:UniRef50_A0A3Q9Q0E1
contig_1	5064552	5065286	+	OIFKLK_04764	26.0	11.8		
contig_1	5069314	5070066	-	OIFKLK_04769	27.9	5.7	PF12872.13|OST-HTH	PFAM:PF12872.13
contig_1	5077531	5077683	+	OIFKLK_04778	5.5	4.9		
contig_1	5077726	5077902	+	OIFKLK_04779	6.5	8.3	PF13005.12|zf-IS66	PFAM:PF13005.12
contig_1	5078016	5078393	-	OIFKLK_04780	13.3	9.7		
contig_1	5097830	5097988	+	OIFKLK_04797	5.8	10.2		
contig_1	5104412	5104765	+	OIFKLK_04805	12.4	8.8		
contig_1	5105839	5106081	+	OIFKLK_04808	8.8	6.0		SO:0001217, UniRef:UniRef50_A6N5M7
contig_1	5110036	5112426	+	OIFKLK_04816	81.6	8.1	PF12571.13|Phage_tail_fib, PF21882.2|Gp53-like_C	PFAM:PF12571.13, PFAM:PF21882.2, SO:0001217, UniRef:UniRef50_A6N5N6
contig_1	5112478	5112939	+	OIFKLK_04817	17.7	4.7	PF16778.10|Phage_tail_APC	PFAM:PF16778.10
contig_1	5115279	5118038	+	OIFKLK_04821	97.6	10.0		SO:0001217, UniRef:UniRef50_Q9ZXK0
contig_1	5120375	5121376	-	OIFKLK_04824	37.7	6.3		SO:0001217, UniRef:UniRef50_A0AAU7BIC6
contig_1	5121742	5121948	-	OIFKLK_04825	7.7	5.4		
contig_1	5123274	5123633	+	OIFKLK_04829	13.4	6.9		SO:0001217, UniRef:UniRef50_A0A061JP98
contig_1	5123701	5123934	+	OIFKLK_04830	8.6	9.4		
contig_1	5126724	5126864	+	OIFKLK_04832	5.0	4.8		
contig_1	5126917	5127648	+	OIFKLK_04833	26.9	7.8		SO:0001217, UniRef:UniRef50_A0A9X7N313
contig_1	5128070	5128510	+	OIFKLK_04835	15.8	4.6		SO:0001217, UniRef:UniRef50_UPI0030D0D4B8
contig_1	5128507	5128683	+	OIFKLK_04836	6.4	10.1		SO:0001217, UniRef:UniRef50_A0A1L7N5U8
contig_1	5131826	5132002	+	OIFKLK_04839	6.2	9.7		
contig_1	5137542	5137652	-	OIFKLK_04847	3.9	5.3		
contig_1	5140780	5141031	-	OIFKLK_04852	8.8	5.6		SO:0001217, UniRef:UniRef50_A0A7X3I1D8
contig_1	5142102	5142761	-	OIFKLK_04855	24.2	6.5	PF03869.20|Arc	PFAM:PF03869.20
contig_1	5142758	5142973	-	OIFKLK_04856	8.1	5.3		
contig_1	5158848	5159273	-	OIFKLK_04874	16.6	10.2		SO:0001217, UniRef:UniRef50_Q9I5M6
contig_1	5161427	5163133	-	OIFKLK_04878	61.9	4.8		
contig_1	5181774	5182373	-	OIFKLK_04885	21.1	9.3		
contig_1	5182367	5182885	-	OIFKLK_04886	17.6	8.9		
contig_1	5193440	5193871	-	OIFKLK_04897	15.1	5.5		
contig_1	5224469	5225152	-	OIFKLK_04918	24.8	5.4	PF21948.1|LplA-B_cat	PFAM:PF21948.1
contig_1	5258160	5258372	-	OIFKLK_04946	7.5	4.3		SO:0001217, UniRef:UniRef50_A0A2A2DLG5
contig_1	5300599	5300841	-	OIFKLK_04990	8.5	8.5	PF09012.16|FeoC	PFAM:PF09012.16
contig_1	5304729	5304992	+	OIFKLK_04994	9.5	10.0		SO:0001217, UniRef:UniRef50_A0A024HCQ2
contig_1	5329660	5329989	-	OIFKLK_05017	12.2	5.3	PF02641.20|DUF190	PFAM:PF02641.20
contig_1	5330621	5331307	+	OIFKLK_05019	25.8	6.7	PF08857.17|ParBc_2	PFAM:PF08857.17
contig_1	5336865	5337833	-	OIFKLK_05026	37.1	5.3		
contig_1	5337865	5338248	+	OIFKLK_05027	13.9	10.8	PF01035.26|DNA_binding_1	PFAM:PF01035.26
contig_1	5371461	5371865	-	OIFKLK_05056	15.3	4.8		
contig_1	5375539	5375784	+	OIFKLK_05060	9.4	8.0		
contig_1	5377038	5377445	-	OIFKLK_05063	14.5	4.6		
contig_1	5404981	5405073	-	OIFKLK_05094	3.4	4.1		
contig_1	5413948	5414397	-	OIFKLK_05107	17.1	6.4		
contig_1	5506059	5506550	+	OIFKLK_05185	17.2	5.0		SO:0001217, UniRef:UniRef50_A0A6B1Y6Z9
contig_1	5506547	5507209	+	OIFKLK_05186	24.2	5.6		
contig_1	5510833	5511513	+	OIFKLK_05192	25.2	6.5		SO:0001217, UniRef:UniRef50_A6V9R0
contig_1	5512074	5512601	+	OIFKLK_05194	19.1	5.2		SO:0001217, UniRef:UniRef50_Q7WXV2
contig_1	5512598	5512855	+	OIFKLK_05195	9.7	8.5		
contig_1	5512848	5513087	+	OIFKLK_05196	8.9	4.7		SO:0001217, UniRef:UniRef50_G8CNV9
contig_1	5515515	5517245	+	OIFKLK_05201	63.9	5.1		
contig_1	5519390	5520451	+	OIFKLK_05204	37.6	8.6	PF23178.1|ADAMTS_C	PFAM:PF23178.1
contig_1	5520394	5520591	+	OIFKLK_05205	7.3	4.1		
contig_1	5522938	5523396	+	OIFKLK_05209	17.3	5.3	PF00436.31|SSB	PFAM:PF00436.31
contig_1	5544518	5544652	+	OIFKLK_05228	5.1	11.0		
contig_1	5544975	5545463	+	OIFKLK_05229	17.7	5.7		
contig_1	5545601	5545759	+	OIFKLK_05230	5.7	4.1		SO:0001217, UniRef:UniRef50_A0A6N0KEV7
contig_1	5545833	5546030	+	OIFKLK_05231	7.4	4.9		SO:0001217, UniRef:UniRef50_A0A080VJ03
contig_1	5546222	5546935	+	OIFKLK_05232	27.1	5.0		
contig_1	5547171	5547521	+	OIFKLK_05233	13.0	5.1		SO:0001217, UniRef:UniRef50_Q4K7L5
contig_1	5548552	5548914	+	OIFKLK_05236	13.6	5.8		
contig_1	5551520	5552176	+	OIFKLK_05240	23.8	7.9		
contig_1	5553789	5554163	+	OIFKLK_05242	14.1	6.1		SO:0001217, UniRef:UniRef50_A6N5E2
contig_1	5556316	5556639	+	OIFKLK_05244	12.2	5.1		SO:0001217, UniRef:UniRef50_L7P7L6
contig_1	5556744	5557442	+	OIFKLK_05245	27.9	10.6		
contig_1	5557466	5557738	-	OIFKLK_05246	10.1	4.8		SO:0001217, UniRef:UniRef50_A0A241XFB6
contig_1	5559405	5559986	+	OIFKLK_05249	20.7	9.4		
contig_1	5563760	5564191	+	OIFKLK_05254	16.4	11.1		SO:0001217, UniRef:UniRef50_UPI00148E89E0
contig_1	5566105	5567214	+	OIFKLK_05256	37.9	8.9		SO:0001217, UniRef:UniRef50_A0A0H2ZH89
contig_1	5567744	5567842	+	OIFKLK_05257	3.8	9.3		
contig_1	5571372	5571980	-	OIFKLK_05260	22.7	5.4		SO:0001217, UniRef:UniRef50_A0A2S1PJD5
contig_1	5583587	5583814	+	OIFKLK_05276	8.6	5.5		
contig_1	5584333	5584482	+	OIFKLK_05278	5.5	8.5		
contig_1	5584500	5584856	+	OIFKLK_05279	12.5	9.3		
contig_1	5585250	5585909	+	OIFKLK_05281	25.5	6.2		
contig_1	5592576	5592794	-	OIFKLK_05288	8.2	5.0		SO:0001217, UniRef:UniRef50_G8CNY2
contig_1	5600682	5601596	-	OIFKLK_05296	35.1	6.2		SO:0001217, UniRef:UniRef50_A6V9Z1
contig_1	5601622	5601861	-	OIFKLK_05297	9.1	4.9		SO:0001217, UniRef:UniRef50_A0A241XF56
contig_1	5642752	5643093	-	OIFKLK_05340	12.4	7.7	PF24876.1|PA4575	PFAM:PF24876.1, SO:0001217, UniRef:UniRef50_M4WVQ6
contig_1	5682262	5682636	-	OIFKLK_05370	13.5	4.8		SO:0001217, UniRef:UniRef50_A0A853A832
contig_1	5686385	5686891	-	OIFKLK_05374	17.5	6.4		
contig_1	5704145	5704534	-	OIFKLK_05391	14.5	10.5		
contig_1	5727448	5727654	+	OIFKLK_05408	7.8	4.3		SO:0001217, UniRef:UniRef50_A0A024HNI6
contig_1	5731769	5732254	-	OIFKLK_05413	17.8	9.2		
contig_1	5736893	5737435	+	OIFKLK_05420	18.8	9.3	PF05229.21|SCPU	PFAM:PF05229.21
contig_1	5780651	5780752	+	OIFKLK_05451	3.6	4.4		
contig_1	5786069	5786179	-	OIFKLK_05456	3.9	5.3		
contig_1	5787332	5787451	-	OIFKLK_05458	4.0	9.0	PF05707.18|Zot	PFAM:PF05707.18
contig_1	5789303	5789554	-	OIFKLK_05462	8.8	5.6		SO:0001217, UniRef:UniRef50_A0A7X3I1D8
contig_1	5835076	5835423	+	OIFKLK_05504	12.9	5.1	PF00805.28|Pentapeptide	PFAM:PF00805.28
contig_1	5916076	5916936	+	OIFKLK_05584	32.4	5.5		
contig_1	5923354	5923599	-	OIFKLK_05592	8.7	9.0		SO:0001217, UniRef:UniRef50_Q9HV26
contig_1	5930972	5931721	+	OIFKLK_05600	28.3	7.8	PF05175.20|MTS, PF08241.18|Methyltransf_11, PF08242.18|Methyltransf_12, PF13489.12|Methyltransf_23, PF13649.12|Methyltransf_25, PF13847.12|Methyltransf_31	PFAM:PF05175.20, PFAM:PF08241.18, PFAM:PF08242.18, PFAM:PF13489.12, PFAM:PF13649.12, PFAM:PF13847.12
contig_1	5934603	5934872	+	OIFKLK_05605	9.8	4.6	PF02635.20|DsrE	PFAM:PF02635.20
contig_1	5935453	5935545	+	OIFKLK_05607	3.4	4.2		
contig_1	5935633	5936082	+	OIFKLK_05608	17.0	10.5	PF04229.20|GrpB	PFAM:PF04229.20
contig_1	5936060	5936179	+	OIFKLK_05609	4.2	5.6		
contig_1	5937873	5938313	-	OIFKLK_05612	15.5	4.1		
contig_1	5965783	5965992	-	OIFKLK_05636	7.4	10.9		
contig_1	5969855	5970073	-	OIFKLK_05639	7.8	10.6		SO:0001217, UniRef:UniRef50_Q9HUY4
contig_1	5970220	5970354	-	OIFKLK_05640	5.2	6.2		
contig_1	5987274	5987405	+	OIFKLK_05657	4.8	10.0		
contig_1	6013606	6014058	+	OIFKLK_05678	16.9	5.7	PF13508.13|Acetyltransf_7, PF13673.13|Acetyltransf_10	PFAM:PF13508.13, PFAM:PF13673.13
contig_1	6022936	6023352	-	OIFKLK_05690	14.4	9.6	PF07769.19|PsiF_repeat	PFAM:PF07769.19
contig_1	6029065	6029337	+	OIFKLK_05697	9.8	6.3		
contig_1	6088565	6088984	-	OIFKLK_05751	16.2	4.9	PF01250.22|Ribosomal_S6	PFAM:PF01250.22
contig_1	6211156	6211971	+	OIFKLK_05847	29.8	6.3	PF00582.32|Usp	PFAM:PF00582.32
contig_1	6217464	6218444	+	OIFKLK_05853	34.2	5.4		SO:0001217, UniRef:UniRef50_Q9HUD6
contig_1	6254332	6255273	-	OIFKLK_05882	30.9	10.3		
contig_1	6260401	6260829	+	OIFKLK_05891	15.0	5.7		
contig_1	6320749	6321153	+	OIFKLK_05941	15.5	8.6		
contig_1	6328327	6328677	-	OIFKLK_05949	12.9	10.3		
contig_1	6330097	6330516	-	OIFKLK_05953	15.1	9.6	PF00581.25|Rhodanese	PFAM:PF00581.25
contig_1	6352700	6353101	+	OIFKLK_05977	15.0	5.2		SO:0001217, UniRef:UniRef50_A6N5T6
contig_1	6353302	6355518	+	OIFKLK_05978	83.6	5.4	PF13175.12|AAA_15, PF13304.12|AAA_21	PFAM:PF13175.12, PFAM:PF13304.12
contig_1	6355518	6356375	+	OIFKLK_05979	30.8	5.3		SO:0001217, UniRef:UniRef50_A0A0W0HLQ3
contig_1	6362475	6363302	+	OIFKLK_05982	30.8	9.2		SO:0001217, UniRef:UniRef50_A0AB35L0N6
contig_1	6363446	6364093	+	OIFKLK_05983	23.8	9.9		
contig_1	6402901	6403308	+	OIFKLK_06021	12.2	10.8	PF13441.11|Gly-zipper_YMGG, PF13488.11|Gly-zipper_Omp	PFAM:PF13441.11, PFAM:PF13488.11
contig_1	6444802	6445623	+	OIFKLK_06059	30.6	5.9		SO:0001217, UniRef:UniRef50_A0AAD1B843
contig_1	6449931	6450428	-	OIFKLK_06064	17.4	4.3	PF03695.18|UPF0149	PFAM:PF03695.18
contig_1	6452078	6452209	-	OIFKLK_06069	4.9	9.7		
contig_1	6461201	6462169	-	OIFKLK_06077	35.4	5.6	PF00111.32|Fer2, PF00175.26|NAD_binding_1	PFAM:PF00111.32, PFAM:PF00175.26
contig_1	6463714	6465702	-	OIFKLK_06079	73.7	8.1	PF01757.29|Acyl_transf_3, PF19040.6|SGNH	PFAM:PF01757.29, PFAM:PF19040.6
contig_1	6478941	6479519	-	OIFKLK_06092	21.2	9.5	PF00924.24|MS_channel_2nd	PFAM:PF00924.24
contig_1	6481957	6483027	-	OIFKLK_06095	34.9	10.6	PF04886.17|PT	PFAM:PF04886.17
contig_1	6493061	6493684	-	OIFKLK_06106	24.5	8.4		
contig_1	6540795	6541139	-	OIFKLK_06147	11.5	9.6		
contig_1	6626792	6627040	-	OIFKLK_06228	9.1	5.2		
contig_1	6651339	6651515	-	OIFKLK_06255	6.9	7.8		
contig_1	6652197	6652307	-	OIFKLK_06257	4.3	10.0		
contig_1	6687810	6688025	-	OIFKLK_06286	8.4	10.0		
contig_1	6718274	6718486	+	OIFKLK_06310	7.9	10.0	PF06568.16|DUF1127	PFAM:PF06568.16
contig_1	6739672	6739833	-	OIFKLK_06331	5.6	12.0		
contig_1	6749354	6749647	-	OIFKLK_06340	10.4	8.4	PF13442.11|Cytochrome_CBB3	PFAM:PF13442.11
contig_1	6806623	6807582	-	OIFKLK_06396	33.6	6.5		
contig_1	6827965	6828189	-	OIFKLK_06417	8.3	5.0		SO:0001217, UniRef:UniRef50_UPI0018DF3099
