JAFFXY010001075.1	2	336	335
JAFFXY010001076.1	1	336	336
JAFFXY010001077.1	1	336	336
JAFFXY010001078.1	1	336	336
JAFFXY010001079.1	1	336	336
JAFFXY010000107.1	1	672	672
JAFFXY010001080.1	1	336	336
JAFFXY010001081.1	1	336	336
JAFFXY010001082.1	1	336	336
JAFFXY010001083.1	1	336	336
JAFFXY010001084.1	1	336	336
JAFFXY010001085.1	1	335	335
JAFFXY010001086.1	1	335	335
JAFFXY010001087.1	1	335	335
JAFFXY010001088.1	1	335	335
JAFFXY010001089.1	1	335	335
JAFFXY010000108.1	1	661	661
JAFFXY010001090.1	1	335	335
JAFFXY010001091.1	1	335	335
JAFFXY010001092.1	1	334	334
JAFFXY010001093.1	1	334	334
JAFFXY010001094.1	1	334	334
JAFFXY010001095.1	1	334	334
JAFFXY010001096.1	1	334	334
JAFFXY010001097.1	1	334	334
JAFFXY010001098.1	1	334	334
JAFFXY010001099.1	1	334	334
JAFFXY010000109.1	1	661	661
JAFFXY010000010.1	1	229715	229715
JAFFXY010001100.1	1	334	334
JAFFXY010001101.1	1	334	334
JAFFXY010001102.1	1	334	334
JAFFXY010001103.1	1	334	334
JAFFXY010001104.1	1	334	334
JAFFXY010001105.1	1	334	334
JAFFXY010001106.1	1	334	334
JAFFXY010001107.1	1	334	334
JAFFXY010001108.1	1	333	333
JAFFXY010001109.1	1	333	333
JAFFXY010000110.1	1	659	659
JAFFXY010001110.1	1	333	333
JAFFXY010001111.1	1	333	333
JAFFXY010001112.1	1	333	333
JAFFXY010001113.1	1	333	333
JAFFXY010001114.1	1	333	333
JAFFXY010001115.1	1	333	333
JAFFXY010001116.1	1	332	332
JAFFXY010001117.1	1	332	332
JAFFXY010001118.1	1	332	332
JAFFXY010001119.1	1	332	332
JAFFXY010000111.1	1	659	659
JAFFXY010001120.1	1	332	332
JAFFXY010001121.1	1	332	332
JAFFXY010001122.1	1	332	332
JAFFXY010001123.1	1	332	332
JAFFXY010001124.1	1	331	331
JAFFXY010001125.1	1	331	331
JAFFXY010001126.1	1	331	331
JAFFXY010001127.1	1	331	331
JAFFXY010001128.1	1	331	331
JAFFXY010001129.1	1	331	331
JAFFXY010000112.1	1	659	659
JAFFXY010001130.1	1	331	331
JAFFXY010001131.1	1	331	331
JAFFXY010001132.1	1	330	330
JAFFXY010001133.1	1	330	330
JAFFXY010001134.1	1	330	330
JAFFXY010001135.1	1	330	330
JAFFXY010001136.1	1	330	330
JAFFXY010001137.1	1	330	330
JAFFXY010001138.1	1	330	330
JAFFXY010001139.1	1	330	330
JAFFXY010000113.1	1	657	657
JAFFXY010001140.1	1	330	330
JAFFXY010001141.1	1	330	330
JAFFXY010001142.1	1	330	330
JAFFXY010001143.1	1	330	330
JAFFXY010001144.1	1	330	330
JAFFXY010001145.1	1	330	330
JAFFXY010001146.1	1	330	330
JAFFXY010001147.1	1	329	329
JAFFXY010001148.1	1	329	329
JAFFXY010001149.1	1	329	329
JAFFXY010000114.1	1	656	656
JAFFXY010001150.1	1	329	329
JAFFXY010001151.1	1	329	329
JAFFXY010001152.1	1	329	329
JAFFXY010001153.1	1	329	329
JAFFXY010001154.1	1	329	329
JAFFXY010001155.1	1	329	329
JAFFXY010001156.1	1	329	329
JAFFXY010001157.1	1	329	329
JAFFXY010001158.1	1	329	329
JAFFXY010001159.1	1	328	328
JAFFXY010000115.1	1	654	654
JAFFXY010001160.1	1	328	328
JAFFXY010001161.1	1	328	328
JAFFXY010001162.1	1	328	328
JAFFXY010001163.1	1	328	328
JAFFXY010001164.1	1	328	328
JAFFXY010001165.1	1	328	328
JAFFXY010001166.1	1	328	328
JAFFXY010001167.1	1	327	327
JAFFXY010001168.1	1	327	327
JAFFXY010001169.1	1	327	327
JAFFXY010000116.1	1	652	652
JAFFXY010001170.1	1	327	327
JAFFXY010001171.1	1	327	327
JAFFXY010001172.1	1	327	327
JAFFXY010001173.1	1	327	327
JAFFXY010001174.1	1	327	327
JAFFXY010001175.1	1	327	327
JAFFXY010001176.1	1	327	327
JAFFXY010001177.1	1	327	327
JAFFXY010001178.1	1	327	327
JAFFXY010001179.1	1	327	327
JAFFXY010000117.1	1	650	650
JAFFXY010001180.1	1	327	327
JAFFXY010001181.1	1	327	327
JAFFXY010001182.1	1	327	327
JAFFXY010001183.1	1	327	327
JAFFXY010001184.1	1	327	327
JAFFXY010001185.1	1	326	326
JAFFXY010001186.1	1	326	326
JAFFXY010001187.1	1	326	326
JAFFXY010001188.1	1	326	326
JAFFXY010001189.1	1	326	326
JAFFXY010000118.1	1	646	646
JAFFXY010001190.1	1	326	326
JAFFXY010001191.1	1	326	326
JAFFXY010001192.1	1	326	326
JAFFXY010001193.1	1	326	326
JAFFXY010001194.1	1	325	325
JAFFXY010001195.1	1	325	325
JAFFXY010001196.1	1	325	325
JAFFXY010001197.1	1	325	325
JAFFXY010001198.1	1	325	325
JAFFXY010001199.1	1	325	325
JAFFXY010000119.1	1	644	644
JAFFXY010000011.1	1	23990	23990
JAFFXY010000011.1	23994	226683	202690
JAFFXY010001200.1	1	325	325
JAFFXY010001201.1	1	324	324
JAFFXY010001202.1	1	324	324
JAFFXY010001203.1	1	324	324
JAFFXY010001204.1	1	324	324
JAFFXY010001205.1	1	324	324
JAFFXY010001206.1	1	324	324
JAFFXY010001207.1	1	324	324
JAFFXY010001208.1	1	324	324
JAFFXY010001209.1	1	324	324
JAFFXY010000120.1	1	642	642
JAFFXY010001210.1	1	324	324
JAFFXY010001211.1	1	323	323
JAFFXY010001212.1	1	323	323
JAFFXY010001213.1	1	323	323
JAFFXY010001214.1	1	323	323
JAFFXY010001215.1	1	323	323
JAFFXY010001216.1	1	323	323
JAFFXY010001217.1	1	323	323
JAFFXY010001218.1	1	323	323
JAFFXY010001219.1	1	323	323
JAFFXY010000121.1	1	641	641
JAFFXY010001220.1	1	323	323
JAFFXY010001221.1	1	323	323
JAFFXY010001222.1	1	322	322
JAFFXY010001223.1	1	322	322
JAFFXY010001224.1	1	322	322
JAFFXY010001225.1	1	322	322
JAFFXY010001226.1	1	322	322
JAFFXY010001227.1	1	322	322
JAFFXY010001228.1	1	322	322
JAFFXY010001229.1	1	322	322
JAFFXY010000122.1	1	640	640
JAFFXY010001230.1	1	322	322
JAFFXY010001231.1	1	322	322
JAFFXY010001232.1	1	322	322
JAFFXY010001233.1	1	322	322
JAFFXY010001234.1	1	321	321
JAFFXY010001235.1	1	321	321
JAFFXY010001236.1	1	321	321
JAFFXY010001237.1	1	321	321
JAFFXY010001238.1	1	321	321
JAFFXY010001239.1	1	321	321
JAFFXY010000123.1	1	638	638
JAFFXY010001240.1	1	321	321
JAFFXY010001241.1	1	321	321
JAFFXY010001242.1	1	321	321
JAFFXY010001243.1	1	321	321
JAFFXY010001244.1	1	321	321
JAFFXY010001245.1	1	321	321
JAFFXY010001246.1	1	321	321
JAFFXY010001247.1	1	321	321
JAFFXY010001248.1	1	321	321
JAFFXY010001249.1	1	321	321
JAFFXY010000124.1	1	637	637
JAFFXY010001250.1	1	320	320
JAFFXY010001251.1	1	320	320
JAFFXY010001252.1	1	320	320
JAFFXY010001253.1	1	320	320
JAFFXY010001254.1	1	320	320
JAFFXY010001255.1	1	320	320
JAFFXY010001256.1	1	320	320
JAFFXY010001257.1	1	319	319
JAFFXY010001258.1	1	319	319
JAFFXY010001259.1	1	319	319
JAFFXY010000125.1	1	635	635
JAFFXY010001260.1	1	319	319
JAFFXY010001261.1	1	319	319
JAFFXY010001262.1	1	319	319
JAFFXY010001263.1	1	319	319
JAFFXY010001264.1	1	319	319
JAFFXY010001265.1	1	319	319
JAFFXY010001266.1	1	319	319
JAFFXY010001267.1	1	319	319
JAFFXY010001268.1	1	319	319
JAFFXY010001269.1	1	319	319
JAFFXY010000126.1	1	633	633
JAFFXY010001270.1	1	318	318
JAFFXY010001271.1	1	318	318
JAFFXY010001272.1	1	318	318
JAFFXY010001273.1	1	318	318
JAFFXY010001274.1	1	318	318
JAFFXY010001275.1	1	318	318
JAFFXY010001276.1	1	318	318
JAFFXY010001277.1	1	318	318
JAFFXY010001278.1	1	318	318
JAFFXY010001279.1	1	318	318
JAFFXY010000127.1	1	632	632
JAFFXY010001280.1	1	317	317
JAFFXY010001281.1	1	317	317
JAFFXY010001282.1	1	317	317
JAFFXY010001283.1	1	317	317
JAFFXY010001284.1	1	317	317
JAFFXY010001285.1	1	317	317
JAFFXY010001286.1	1	317	317
JAFFXY010001287.1	1	317	317
JAFFXY010001288.1	1	317	317
JAFFXY010001289.1	1	317	317
JAFFXY010000128.1	1	629	629
JAFFXY010001290.1	1	317	317
JAFFXY010001291.1	1	317	317
JAFFXY010001292.1	1	317	317
JAFFXY010001293.1	1	317	317
JAFFXY010001294.1	1	316	316
JAFFXY010001295.1	1	316	316
JAFFXY010001296.1	1	316	316
JAFFXY010001297.1	1	316	316
JAFFXY010001298.1	1	316	316
JAFFXY010001299.1	1	316	316
JAFFXY010000129.1	1	628	628
JAFFXY010000012.1	1	153053	153053
JAFFXY010000012.1	153058	225720	72663
JAFFXY010001300.1	1	316	316
JAFFXY010001301.1	1	316	316
JAFFXY010001302.1	1	316	316
JAFFXY010001303.1	1	315	315
JAFFXY010001304.1	1	315	315
JAFFXY010001305.1	1	315	315
JAFFXY010001306.1	1	315	315
JAFFXY010001307.1	1	315	315
JAFFXY010001308.1	1	315	315
JAFFXY010001309.1	1	315	315
JAFFXY010000130.1	1	627	627
JAFFXY010001310.1	1	315	315
JAFFXY010001311.1	1	315	315
JAFFXY010001312.1	1	315	315
JAFFXY010001313.1	1	315	315
JAFFXY010001314.1	1	315	315
JAFFXY010001315.1	1	314	314
JAFFXY010001316.1	1	314	314
JAFFXY010001317.1	1	314	314
JAFFXY010001318.1	1	314	314
JAFFXY010001319.1	1	314	314
JAFFXY010000131.1	1	621	621
JAFFXY010001320.1	1	314	314
JAFFXY010001321.1	1	314	314
JAFFXY010001322.1	1	314	314
JAFFXY010001323.1	1	313	313
JAFFXY010001324.1	1	313	313
JAFFXY010001325.1	1	313	313
JAFFXY010001326.1	1	313	313
JAFFXY010001327.1	1	313	313
JAFFXY010001328.1	1	313	313
JAFFXY010001329.1	1	313	313
JAFFXY010000132.1	1	621	621
JAFFXY010001330.1	1	313	313
JAFFXY010001331.1	1	313	313
JAFFXY010001332.1	1	312	312
JAFFXY010001333.1	1	312	312
JAFFXY010001334.1	1	312	312
JAFFXY010001335.1	1	312	312
JAFFXY010001336.1	1	312	312
JAFFXY010001337.1	1	312	312
JAFFXY010001338.1	1	312	312
JAFFXY010001339.1	1	312	312
JAFFXY010000133.1	1	620	620
JAFFXY010001340.1	1	312	312
JAFFXY010001341.1	1	311	311
JAFFXY010001342.1	1	311	311
JAFFXY010001343.1	1	311	311
JAFFXY010001344.1	1	311	311
JAFFXY010001345.1	1	311	311
JAFFXY010001346.1	1	311	311
JAFFXY010001347.1	1	311	311
JAFFXY010001348.1	1	311	311
JAFFXY010001349.1	1	311	311
JAFFXY010000134.1	1	618	618
JAFFXY010001350.1	1	311	311
JAFFXY010001351.1	1	311	311
JAFFXY010001352.1	1	311	311
JAFFXY010001353.1	1	311	311
JAFFXY010001354.1	1	311	311
JAFFXY010001355.1	1	310	310
JAFFXY010001356.1	1	310	310
JAFFXY010001357.1	1	310	310
JAFFXY010001358.1	1	310	310
JAFFXY010001359.1	1	310	310
JAFFXY010000135.1	1	615	615
JAFFXY010001360.1	1	310	310
JAFFXY010001361.1	1	310	310
JAFFXY010001362.1	1	310	310
JAFFXY010001363.1	1	310	310
JAFFXY010001364.1	1	309	309
JAFFXY010001365.1	1	309	309
JAFFXY010001366.1	1	309	309
JAFFXY010001367.1	1	309	309
JAFFXY010001368.1	1	309	309
JAFFXY010001369.1	1	309	309
JAFFXY010000136.1	1	615	615
JAFFXY010001370.1	1	309	309
JAFFXY010001371.1	1	309	309
JAFFXY010001372.1	1	308	308
JAFFXY010001373.1	1	308	308
JAFFXY010001374.1	1	308	308
JAFFXY010001375.1	1	308	308
JAFFXY010001376.1	1	308	308
JAFFXY010001377.1	1	308	308
JAFFXY010001378.1	1	308	308
JAFFXY010001379.1	1	308	308
JAFFXY010000137.1	1	613	613
JAFFXY010001380.1	1	308	308
JAFFXY010001381.1	1	308	308
JAFFXY010001382.1	1	307	307
JAFFXY010001383.1	1	307	307
JAFFXY010001384.1	1	307	307
JAFFXY010001385.1	1	307	307
JAFFXY010001386.1	1	307	307
JAFFXY010001387.1	1	307	307
JAFFXY010001388.1	1	307	307
JAFFXY010001389.1	1	307	307
JAFFXY010000138.1	1	612	612
JAFFXY010001390.1	1	306	306
JAFFXY010001391.1	1	306	306
JAFFXY010001392.1	1	306	306
JAFFXY010001393.1	1	306	306
JAFFXY010001394.1	1	306	306
JAFFXY010001395.1	1	306	306
JAFFXY010001396.1	1	306	306
JAFFXY010001397.1	1	306	306
JAFFXY010001398.1	1	306	306
JAFFXY010001399.1	1	305	305
JAFFXY010000139.1	1	610	610
JAFFXY010000013.1	1	64314	64314
JAFFXY010000013.1	64320	216067	151748
JAFFXY010001400.1	1	305	305
JAFFXY010001401.1	1	305	305
JAFFXY010001402.1	1	305	305
JAFFXY010001403.1	1	305	305
JAFFXY010001404.1	1	305	305
JAFFXY010001405.1	1	305	305
JAFFXY010001406.1	1	305	305
JAFFXY010001407.1	1	305	305
JAFFXY010001408.1	1	305	305
JAFFXY010001409.1	1	305	305
JAFFXY010000140.1	1	608	608
JAFFXY010001410.1	1	305	305
JAFFXY010001411.1	1	304	304
JAFFXY010001412.1	1	304	304
JAFFXY010001413.1	1	304	304
JAFFXY010001414.1	1	304	304
JAFFXY010001415.1	1	304	304
JAFFXY010001416.1	1	284	284
JAFFXY010001417.1	1	304	304
JAFFXY010001418.1	1	304	304
JAFFXY010001419.1	1	304	304
JAFFXY010000141.1	1	608	608
JAFFXY010001420.1	1	303	303
JAFFXY010001421.1	1	303	303
JAFFXY010001422.1	1	303	303
JAFFXY010001423.1	1	303	303
JAFFXY010001424.1	1	303	303
JAFFXY010001425.1	1	303	303
JAFFXY010001426.1	1	303	303
JAFFXY010001427.1	1	303	303
JAFFXY010001428.1	1	303	303
JAFFXY010001429.1	1	302	302
JAFFXY010000142.1	1	606	606
JAFFXY010001430.1	1	302	302
JAFFXY010001431.1	1	302	302
JAFFXY010001432.1	1	302	302
JAFFXY010001433.1	1	302	302
JAFFXY010001434.1	1	302	302
JAFFXY010001435.1	1	302	302
JAFFXY010001436.1	1	302	302
JAFFXY010001437.1	1	302	302
JAFFXY010001438.1	1	302	302
JAFFXY010001439.1	1	301	301
JAFFXY010000143.1	1	602	602
JAFFXY010001440.1	1	301	301
JAFFXY010001441.1	1	301	301
JAFFXY010001442.1	1	301	301
JAFFXY010001443.1	1	301	301
JAFFXY010001444.1	1	301	301
JAFFXY010001445.1	1	301	301
JAFFXY010001446.1	1	301	301
JAFFXY010001447.1	1	301	301
JAFFXY010001448.1	1	282	282
JAFFXY010001449.1	1	300	300
JAFFXY010000144.1	1	597	597
JAFFXY010001450.1	1	300	300
JAFFXY010001451.1	1	300	300
JAFFXY010001452.1	1	300	300
JAFFXY010001453.1	1	300	300
JAFFXY010001454.1	1	300	300
JAFFXY010001455.1	1	300	300
JAFFXY010001456.1	1	300	300
JAFFXY010001457.1	1	300	300
JAFFXY010001458.1	1	300	300
JAFFXY010001459.1	1	300	300
JAFFXY010000145.1	1	597	597
JAFFXY010001460.1	1	300	300
JAFFXY010001461.1	1	300	300
JAFFXY010001462.1	1	299	299
JAFFXY010001463.1	1	299	299
JAFFXY010001464.1	1	299	299
JAFFXY010001465.1	1	299	299
JAFFXY010001466.1	1	299	299
JAFFXY010001467.1	1	299	299
JAFFXY010001468.1	1	299	299
JAFFXY010001469.1	1	299	299
JAFFXY010000146.1	1	596	596
JAFFXY010001470.1	1	299	299
JAFFXY010001471.1	1	299	299
JAFFXY010001472.1	1	299	299
JAFFXY010001473.1	1	298	298
JAFFXY010001474.1	1	298	298
JAFFXY010001475.1	1	298	298
JAFFXY010001476.1	1	298	298
JAFFXY010001477.1	1	298	298
JAFFXY010001478.1	1	298	298
JAFFXY010001479.1	1	298	298
JAFFXY010000147.1	1	594	594
JAFFXY010001480.1	1	298	298
JAFFXY010001481.1	1	298	298
JAFFXY010001482.1	1	298	298
JAFFXY010001483.1	1	298	298
JAFFXY010001484.1	1	298	298
JAFFXY010001485.1	1	297	297
JAFFXY010001486.1	1	297	297
JAFFXY010001487.1	1	297	297
JAFFXY010001488.1	1	297	297
JAFFXY010001489.1	1	297	297
JAFFXY010000148.1	1	591	591
JAFFXY010001490.1	1	297	297
JAFFXY010001491.1	1	297	297
JAFFXY010001492.1	1	297	297
JAFFXY010001493.1	1	297	297
JAFFXY010001494.1	1	296	296
JAFFXY010001495.1	1	296	296
JAFFXY010001496.1	1	296	296
JAFFXY010001497.1	1	296	296
JAFFXY010001498.1	1	296	296
JAFFXY010001499.1	1	296	296
JAFFXY010000149.1	1	590	590
JAFFXY010000014.1	1	204487	204487
JAFFXY010001500.1	1	296	296
JAFFXY010001501.1	1	296	296
JAFFXY010001502.1	1	296	296
JAFFXY010001503.1	1	296	296
JAFFXY010001504.1	1	296	296
JAFFXY010001505.1	1	296	296
JAFFXY010001506.1	1	296	296
JAFFXY010001507.1	1	295	295
JAFFXY010001508.1	1	295	295
JAFFXY010001509.1	1	295	295
JAFFXY010000150.1	1	590	590
JAFFXY010001510.1	1	295	295
JAFFXY010001511.1	1	295	295
JAFFXY010001512.1	1	295	295
JAFFXY010001513.1	1	295	295
JAFFXY010001514.1	1	294	294
JAFFXY010001515.1	1	294	294
JAFFXY010001516.1	1	294	294
JAFFXY010001517.1	1	294	294
JAFFXY010001518.1	1	294	294
JAFFXY010001519.1	1	294	294
JAFFXY010000151.1	1	590	590
JAFFXY010001520.1	1	294	294
JAFFXY010001521.1	1	294	294
JAFFXY010001522.1	1	294	294
JAFFXY010001523.1	1	294	294
JAFFXY010001524.1	1	294	294
JAFFXY010001525.1	1	294	294
JAFFXY010001526.1	1	293	293
JAFFXY010001527.1	1	293	293
JAFFXY010001528.1	1	293	293
JAFFXY010001529.1	1	293	293
JAFFXY010000152.1	1	587	587
JAFFXY010001530.1	1	293	293
JAFFXY010001531.1	1	293	293
JAFFXY010001532.1	1	293	293
JAFFXY010001533.1	1	293	293
JAFFXY010001534.1	1	293	293
JAFFXY010001535.1	1	293	293
JAFFXY010001536.1	1	293	293
JAFFXY010001537.1	1	293	293
JAFFXY010001538.1	1	293	293
JAFFXY010001539.1	1	293	293
JAFFXY010000153.1	1	585	585
JAFFXY010001540.1	1	293	293
JAFFXY010001541.1	1	293	293
JAFFXY010001542.1	1	293	293
JAFFXY010001543.1	1	293	293
JAFFXY010001544.1	1	292	292
JAFFXY010001545.1	1	292	292
JAFFXY010001546.1	1	292	292
JAFFXY010001547.1	1	292	292
JAFFXY010001548.1	1	292	292
JAFFXY010001549.1	1	292	292
JAFFXY010000154.1	1	584	584
JAFFXY010001550.1	1	292	292
JAFFXY010001551.1	1	292	292
JAFFXY010001552.1	1	291	291
JAFFXY010001553.1	1	291	291
JAFFXY010001554.1	1	291	291
JAFFXY010001555.1	1	291	291
JAFFXY010001556.1	1	291	291
JAFFXY010001557.1	1	291	291
JAFFXY010001558.1	1	291	291
JAFFXY010001559.1	1	291	291
JAFFXY010000155.1	1	583	583
JAFFXY010001560.1	1	291	291
JAFFXY010001561.1	1	290	290
JAFFXY010001562.1	1	290	290
JAFFXY010001563.1	1	290	290
JAFFXY010001564.1	1	290	290
JAFFXY010001565.1	1	290	290
JAFFXY010001566.1	1	290	290
JAFFXY010001567.1	1	290	290
JAFFXY010001568.1	1	290	290
JAFFXY010001569.1	1	290	290
JAFFXY010000156.1	1	583	583
JAFFXY010001570.1	1	290	290
JAFFXY010001571.1	1	290	290
JAFFXY010001572.1	1	289	289
JAFFXY010001573.1	1	289	289
JAFFXY010001574.1	1	289	289
JAFFXY010001575.1	1	289	289
JAFFXY010001576.1	1	289	289
JAFFXY010001577.1	1	289	289
JAFFXY010001578.1	1	289	289
JAFFXY010001579.1	1	289	289
JAFFXY010000157.1	1	582	582
JAFFXY010001580.1	1	289	289
JAFFXY010001581.1	1	289	289
JAFFXY010001582.1	1	289	289
JAFFXY010001583.1	1	289	289
JAFFXY010001584.1	1	288	288
JAFFXY010001585.1	1	288	288
JAFFXY010001586.1	1	288	288
JAFFXY010001587.1	1	288	288
JAFFXY010001588.1	1	288	288
JAFFXY010001589.1	1	288	288
JAFFXY010000158.1	1	581	581
JAFFXY010001590.1	1	288	288
JAFFXY010001591.1	1	288	288
JAFFXY010001592.1	1	288	288
JAFFXY010001593.1	1	288	288
JAFFXY010001594.1	1	288	288
JAFFXY010001595.1	1	288	288
JAFFXY010001596.1	1	288	288
JAFFXY010001597.1	1	287	287
JAFFXY010001598.1	1	287	287
JAFFXY010001599.1	1	287	287
JAFFXY010000159.1	1	580	580
JAFFXY010000015.1	1	42105	42105
JAFFXY010000015.1	42125	199721	157597
JAFFXY010001600.1	1	287	287
JAFFXY010001601.1	1	287	287
JAFFXY010001602.1	1	287	287
JAFFXY010001603.1	1	287	287
JAFFXY010001604.1	1	287	287
JAFFXY010001605.1	1	287	287
JAFFXY010001606.1	1	287	287
JAFFXY010001607.1	1	287	287
JAFFXY010001608.1	1	287	287
JAFFXY010001609.1	1	287	287
JAFFXY010000160.1	1	580	580
JAFFXY010001610.1	1	287	287
JAFFXY010001611.1	1	287	287
JAFFXY010001612.1	1	287	287
JAFFXY010001613.1	1	286	286
JAFFXY010001614.1	1	286	286
JAFFXY010001615.1	1	286	286
JAFFXY010001616.1	1	286	286
JAFFXY010001617.1	1	286	286
JAFFXY010001618.1	1	286	286
JAFFXY010001619.1	1	286	286
JAFFXY010000161.1	1	578	578
JAFFXY010001620.1	1	286	286
JAFFXY010001621.1	1	286	286
JAFFXY010001622.1	1	286	286
JAFFXY010001623.1	1	285	285
JAFFXY010001624.1	1	285	285
JAFFXY010001625.1	1	285	285
JAFFXY010001626.1	1	285	285
JAFFXY010001627.1	1	285	285
JAFFXY010001628.1	1	285	285
JAFFXY010001629.1	1	285	285
JAFFXY010000162.1	1	577	577
JAFFXY010001630.1	1	285	285
JAFFXY010001631.1	1	285	285
JAFFXY010001632.1	1	285	285
JAFFXY010001633.1	1	285	285
JAFFXY010001634.1	1	284	284
JAFFXY010001635.1	1	284	284
JAFFXY010001636.1	1	284	284
JAFFXY010001637.1	1	284	284
JAFFXY010001638.1	1	284	284
JAFFXY010001639.1	1	284	284
JAFFXY010000163.1	1	575	575
JAFFXY010001640.1	1	284	284
JAFFXY010001641.1	1	284	284
JAFFXY010001642.1	1	284	284
JAFFXY010001643.1	1	284	284
JAFFXY010001644.1	1	283	283
JAFFXY010001645.1	1	283	283
JAFFXY010001646.1	1	283	283
JAFFXY010001647.1	1	283	283
JAFFXY010001648.1	1	283	283
JAFFXY010001649.1	1	283	283
JAFFXY010000164.1	1	574	574
JAFFXY010001650.1	1	283	283
JAFFXY010001651.1	1	283	283
JAFFXY010001652.1	1	283	283
JAFFXY010001653.1	1	283	283
JAFFXY010001654.1	1	283	283
JAFFXY010001655.1	1	283	283
JAFFXY010001656.1	1	283	283
JAFFXY010001657.1	1	283	283
JAFFXY010001658.1	1	283	283
JAFFXY010001659.1	1	282	282
JAFFXY010000165.1	1	573	573
JAFFXY010001660.1	1	282	282
JAFFXY010001661.1	1	282	282
JAFFXY010001662.1	1	282	282
JAFFXY010001663.1	1	282	282
JAFFXY010001664.1	1	282	282
JAFFXY010001665.1	1	282	282
JAFFXY010001666.1	1	282	282
JAFFXY010001667.1	1	282	282
JAFFXY010001668.1	1	282	282
JAFFXY010001669.1	1	282	282
JAFFXY010000166.1	1	573	573
JAFFXY010001670.1	1	282	282
JAFFXY010001671.1	1	281	281
JAFFXY010001672.1	1	281	281
JAFFXY010001673.1	1	281	281
JAFFXY010001674.1	1	281	281
JAFFXY010001675.1	1	281	281
JAFFXY010001676.1	1	281	281
JAFFXY010001677.1	1	281	281
JAFFXY010001678.1	1	281	281
JAFFXY010001679.1	1	281	281
JAFFXY010000167.1	1	573	573
JAFFXY010001680.1	1	281	281
JAFFXY010001681.1	1	281	281
JAFFXY010001682.1	1	281	281
JAFFXY010001683.1	1	281	281
JAFFXY010001684.1	1	281	281
JAFFXY010001685.1	1	281	281
JAFFXY010001686.1	1	280	280
JAFFXY010001687.1	1	280	280
JAFFXY010001688.1	1	280	280
JAFFXY010001689.1	1	280	280
JAFFXY010000168.1	1	571	571
JAFFXY010001690.1	1	280	280
JAFFXY010001691.1	1	280	280
JAFFXY010001692.1	1	280	280
JAFFXY010001693.1	1	280	280
JAFFXY010001694.1	1	280	280
JAFFXY010001695.1	1	280	280
JAFFXY010001696.1	1	280	280
JAFFXY010001697.1	1	280	280
JAFFXY010001698.1	1	279	279
JAFFXY010001699.1	1	279	279
JAFFXY010000169.1	1	571	571
JAFFXY010000016.1	1	8233	8233
JAFFXY010000016.1	8241	26529	18289
JAFFXY010000016.1	26534	165092	138559
JAFFXY010001700.1	1	279	279
JAFFXY010001701.1	1	279	279
JAFFXY010001702.1	1	279	279
JAFFXY010001703.1	1	279	279
JAFFXY010001704.1	1	279	279
JAFFXY010001705.1	1	279	279
JAFFXY010001706.1	1	279	279
JAFFXY010001707.1	1	279	279
JAFFXY010001708.1	1	279	279
JAFFXY010001709.1	1	279	279
JAFFXY010000170.1	1	569	569
JAFFXY010001710.1	1	279	279
JAFFXY010001711.1	1	279	279
JAFFXY010001712.1	1	279	279
JAFFXY010001713.1	1	279	279
JAFFXY010001714.1	1	279	279
JAFFXY010001715.1	1	279	279
JAFFXY010001716.1	1	279	279
JAFFXY010001717.1	1	279	279
JAFFXY010001718.1	1	279	279
JAFFXY010001719.1	1	279	279
JAFFXY010000171.1	1	568	568
JAFFXY010001720.1	1	279	279
JAFFXY010001721.1	1	279	279
JAFFXY010001722.1	1	279	279
JAFFXY010001723.1	1	279	279
JAFFXY010001724.1	1	279	279
JAFFXY010001725.1	1	279	279
JAFFXY010001726.1	1	279	279
JAFFXY010001727.1	1	279	279
JAFFXY010001728.1	1	279	279
JAFFXY010001729.1	1	278	278
JAFFXY010000172.1	1	568	568
JAFFXY010001730.1	1	278	278
JAFFXY010001731.1	1	278	278
JAFFXY010001732.1	1	278	278
JAFFXY010001733.1	1	278	278
JAFFXY010001734.1	1	278	278
JAFFXY010001735.1	1	278	278
JAFFXY010001736.1	1	278	278
JAFFXY010001737.1	1	278	278
JAFFXY010001738.1	1	278	278
JAFFXY010001739.1	1	278	278
JAFFXY010000173.1	1	568	568
JAFFXY010001740.1	1	278	278
JAFFXY010001741.1	1	278	278
JAFFXY010001742.1	1	278	278
JAFFXY010001743.1	1	278	278
JAFFXY010001744.1	1	278	278
JAFFXY010001745.1	1	278	278
JAFFXY010001746.1	1	278	278
JAFFXY010001747.1	1	278	278
JAFFXY010001748.1	1	278	278
JAFFXY010001749.1	1	278	278
JAFFXY010000174.1	1	564	564
JAFFXY010001750.1	1	278	278
JAFFXY010001751.1	1	278	278
JAFFXY010001752.1	1	278	278
JAFFXY010001753.1	1	278	278
JAFFXY010001754.1	1	278	278
JAFFXY010001755.1	1	278	278
JAFFXY010001756.1	1	278	278
JAFFXY010001757.1	1	278	278
JAFFXY010001758.1	1	278	278
JAFFXY010001759.1	1	278	278
JAFFXY010000175.1	1	564	564
JAFFXY010001760.1	1	278	278
JAFFXY010001761.1	1	278	278
JAFFXY010001762.1	1	278	278
JAFFXY010001763.1	1	278	278
JAFFXY010001764.1	1	278	278
JAFFXY010001765.1	1	278	278
JAFFXY010001766.1	1	278	278
JAFFXY010001767.1	1	278	278
JAFFXY010001768.1	1	278	278
JAFFXY010001769.1	1	278	278
JAFFXY010000176.1	1	563	563
JAFFXY010001770.1	1	278	278
JAFFXY010001771.1	1	260	260
JAFFXY010001772.1	1	255	255
JAFFXY010001773.1	1	255	255
JAFFXY010001774.1	1	255	255
JAFFXY010001775.1	1	255	255
JAFFXY010001776.1	1	255	255
JAFFXY010001777.1	1	255	255
JAFFXY010001778.1	1	255	255
JAFFXY010001779.1	1	255	255
JAFFXY010000177.1	1	562	562
JAFFXY010001780.1	1	255	255
JAFFXY010001781.1	1	255	255
JAFFXY010001782.1	1	255	255
JAFFXY010001783.1	1	255	255
JAFFXY010001784.1	1	255	255
JAFFXY010001785.1	1	255	255
JAFFXY010001786.1	1	255	255
JAFFXY010001787.1	1	255	255
JAFFXY010001788.1	1	255	255
JAFFXY010001789.1	1	253	253
JAFFXY010000178.1	1	562	562
JAFFXY010001790.1	1	252	252
JAFFXY010001791.1	1	248	248
JAFFXY010001792.1	1	246	246
JAFFXY010001793.1	1	246	246
JAFFXY010001794.1	1	238	238
JAFFXY010001795.1	1	232	232
JAFFXY010001796.1	1	222	222
JAFFXY010000179.1	1	561	561
JAFFXY010000017.1	1	51158	51158
JAFFXY010000017.1	51166	159806	108641
JAFFXY010000180.1	1	560	560
JAFFXY010000181.1	1	558	558
JAFFXY010000182.1	1	558	558
JAFFXY010000183.1	1	557	557
JAFFXY010000184.1	1	555	555
JAFFXY010000185.1	1	555	555
JAFFXY010000186.1	1	552	552
JAFFXY010000187.1	1	552	552
JAFFXY010000188.1	1	551	551
JAFFXY010000189.1	1	551	551
JAFFXY010000018.1	1	5363	5363
JAFFXY010000018.1	5366	83031	77666
JAFFXY010000018.1	83035	109649	26615
JAFFXY010000018.1	109661	114689	5029
JAFFXY010000018.1	114692	137601	22910
JAFFXY010000018.1	137607	153986	16380
JAFFXY010000018.1	154002	155323	1322
JAFFXY010000190.1	1	551	551
JAFFXY010000191.1	1	550	550
JAFFXY010000192.1	1	549	549
JAFFXY010000193.1	1	549	549
JAFFXY010000194.1	1	547	547
JAFFXY010000195.1	1	547	547
JAFFXY010000196.1	1	547	547
JAFFXY010000197.1	1	544	544
JAFFXY010000198.1	1	542	542
JAFFXY010000199.1	1	540	540
JAFFXY010000019.1	1	40499	40499
JAFFXY010000019.1	40503	147609	107107
JAFFXY010000001.1	1	26444	26444
JAFFXY010000001.1	26449	48850	22402
JAFFXY010000001.1	48856	90355	41500
JAFFXY010000001.1	90359	430981	340623
JAFFXY010000001.1	430986	456486	25501
JAFFXY010000001.1	456491	457084	594
JAFFXY010000001.1	457090	604977	147888
JAFFXY010000200.1	1	539	539
JAFFXY010000201.1	1	539	539
JAFFXY010000202.1	1	538	538
JAFFXY010000203.1	1	538	538
JAFFXY010000204.1	1	536	536
JAFFXY010000205.1	1	536	536
JAFFXY010000206.1	1	536	536
JAFFXY010000207.1	1	536	536
JAFFXY010000208.1	1	533	533
JAFFXY010000209.1	1	533	533
JAFFXY010000020.1	1	57500	57500
JAFFXY010000020.1	57505	57676	172
JAFFXY010000020.1	57680	135333	77654
JAFFXY010000210.1	1	533	533
JAFFXY010000211.1	1	532	532
JAFFXY010000212.1	1	531	531
JAFFXY010000213.1	1	530	530
JAFFXY010000214.1	1	529	529
JAFFXY010000215.1	1	527	527
JAFFXY010000216.1	1	526	526
JAFFXY010000217.1	1	526	526
JAFFXY010000218.1	1	525	525
JAFFXY010000219.1	1	525	525
JAFFXY010000021.1	1	3578	3578
JAFFXY010000021.1	3582	133660	130079
JAFFXY010000220.1	1	524	524
JAFFXY010000221.1	1	524	524
JAFFXY010000222.1	1	523	523
JAFFXY010000223.1	1	523	523
JAFFXY010000224.1	1	522	522
JAFFXY010000225.1	1	521	521
JAFFXY010000226.1	1	520	520
JAFFXY010000227.1	1	519	519
JAFFXY010000228.1	1	519	519
JAFFXY010000229.1	1	519	519
JAFFXY010000022.1	1	30633	30633
JAFFXY010000022.1	30641	30723	83
JAFFXY010000022.1	30728	32617	1890
JAFFXY010000022.1	32622	33477	856
JAFFXY010000022.1	33481	72613	39133
JAFFXY010000022.1	72618	126566	53949
JAFFXY010000230.1	1	518	518
JAFFXY010000231.1	1	518	518
JAFFXY010000232.1	1	518	518
JAFFXY010000233.1	1	517	517
JAFFXY010000234.1	1	516	516
JAFFXY010000235.1	1	516	516
JAFFXY010000236.1	1	516	516
JAFFXY010000237.1	1	515	515
JAFFXY010000238.1	1	514	514
JAFFXY010000239.1	1	514	514
JAFFXY010000023.1	1	25796	25796
JAFFXY010000023.1	25799	44374	18576
JAFFXY010000023.1	44381	60639	16259
JAFFXY010000023.1	60643	122329	61687
JAFFXY010000240.1	1	514	514
JAFFXY010000241.1	1	514	514
JAFFXY010000242.1	1	513	513
JAFFXY010000243.1	1	513	513
JAFFXY010000244.1	1	511	511
JAFFXY010000245.1	1	511	511
JAFFXY010000246.1	1	510	510
JAFFXY010000247.1	1	510	510
JAFFXY010000248.1	1	510	510
JAFFXY010000249.1	1	506	506
JAFFXY010000024.1	1	14136	14136
JAFFXY010000024.1	14142	75952	61811
JAFFXY010000024.1	75961	100401	24441
JAFFXY010000250.1	1	506	506
JAFFXY010000251.1	1	506	506
JAFFXY010000252.1	1	505	505
JAFFXY010000253.1	1	504	504
JAFFXY010000254.1	1	504	504
JAFFXY010000255.1	1	502	502
JAFFXY010000256.1	1	502	502
JAFFXY010000257.1	1	501	501
JAFFXY010000258.1	1	501	501
JAFFXY010000259.1	1	501	501
JAFFXY010000025.1	1	87471	87471
JAFFXY010000260.1	1	501	501
JAFFXY010000261.1	1	500	500
JAFFXY010000262.1	1	500	500
JAFFXY010000263.1	1	500	500
JAFFXY010000264.1	1	499	499
JAFFXY010000265.1	1	498	498
JAFFXY010000266.1	1	498	498
JAFFXY010000267.1	1	497	497
JAFFXY010000268.1	1	497	497
JAFFXY010000269.1	1	497	497
JAFFXY010000026.1	1	35037	35037
JAFFXY010000026.1	35048	53664	18617
JAFFXY010000026.1	53668	81742	28075
JAFFXY010000270.1	1	497	497
JAFFXY010000271.1	1	497	497
JAFFXY010000272.1	1	496	496
JAFFXY010000273.1	1	496	496
JAFFXY010000274.1	1	495	495
JAFFXY010000275.1	1	494	494
JAFFXY010000276.1	1	492	492
JAFFXY010000277.1	1	492	492
JAFFXY010000278.1	1	492	492
JAFFXY010000279.1	1	491	491
JAFFXY010000027.1	1	69819	69819
JAFFXY010000280.1	1	490	490
JAFFXY010000281.1	1	489	489
JAFFXY010000282.1	1	488	488
JAFFXY010000283.1	1	488	488
JAFFXY010000284.1	1	487	487
JAFFXY010000285.1	1	487	487
JAFFXY010000286.1	1	486	486
JAFFXY010000287.1	1	486	486
JAFFXY010000288.1	1	486	486
JAFFXY010000289.1	1	485	485
JAFFXY010000028.1	1	53958	53958
JAFFXY010000290.1	1	484	484
JAFFXY010000291.1	1	484	484
JAFFXY010000292.1	1	483	483
JAFFXY010000293.1	1	483	483
JAFFXY010000294.1	1	483	483
JAFFXY010000295.1	1	482	482
JAFFXY010000296.1	1	482	482
JAFFXY010000297.1	1	482	482
JAFFXY010000298.1	1	479	479
JAFFXY010000299.1	1	479	479
JAFFXY010000029.1	1	47511	47511
JAFFXY010000002.1	1	477358	477358
JAFFXY010000002.1	477374	554997	77624
JAFFXY010000300.1	1	479	479
JAFFXY010000301.1	1	478	478
JAFFXY010000302.1	1	478	478
JAFFXY010000303.1	1	478	478
JAFFXY010000304.1	1	478	478
JAFFXY010000305.1	1	478	478
JAFFXY010000306.1	1	477	477
JAFFXY010000307.1	1	477	477
JAFFXY010000308.1	1	476	476
JAFFXY010000309.1	1	476	476
JAFFXY010000030.1	1	22133	22133
JAFFXY010000030.1	22137	34065	11929
JAFFXY010000030.1	34080	44917	10838
JAFFXY010000310.1	1	476	476
JAFFXY010000311.1	1	476	476
JAFFXY010000312.1	1	475	475
JAFFXY010000313.1	1	475	475
JAFFXY010000314.1	1	474	474
JAFFXY010000315.1	1	474	474
JAFFXY010000316.1	1	473	473
JAFFXY010000317.1	1	473	473
JAFFXY010000318.1	1	472	472
JAFFXY010000319.1	1	472	472
JAFFXY010000031.1	1	31482	31482
JAFFXY010000320.1	1	471	471
JAFFXY010000321.1	1	470	470
JAFFXY010000322.1	1	469	469
JAFFXY010000323.1	1	469	469
JAFFXY010000324.1	1	469	469
JAFFXY010000325.1	1	468	468
JAFFXY010000326.1	1	468	468
JAFFXY010000327.1	1	468	468
JAFFXY010000328.1	1	468	468
JAFFXY010000329.1	1	467	467
JAFFXY010000032.1	1	19064	19064
JAFFXY010000330.1	1	467	467
JAFFXY010000331.1	1	467	467
JAFFXY010000332.1	1	467	467
JAFFXY010000333.1	1	467	467
JAFFXY010000334.1	1	466	466
JAFFXY010000335.1	1	466	466
JAFFXY010000336.1	1	466	466
JAFFXY010000337.1	1	466	466
JAFFXY010000338.1	1	465	465
JAFFXY010000339.1	1	465	465
JAFFXY010000033.1	1	18538	18538
JAFFXY010000340.1	1	465	465
JAFFXY010000341.1	1	465	465
JAFFXY010000342.1	1	464	464
JAFFXY010000343.1	1	464	464
JAFFXY010000344.1	1	464	464
JAFFXY010000345.1	1	463	463
JAFFXY010000346.1	1	463	463
JAFFXY010000347.1	1	463	463
JAFFXY010000348.1	1	462	462
JAFFXY010000349.1	1	461	461
JAFFXY010000034.1	1	14096	14096
JAFFXY010000350.1	1	461	461
JAFFXY010000351.1	1	461	461
JAFFXY010000352.1	1	460	460
JAFFXY010000353.1	1	459	459
JAFFXY010000354.1	1	459	459
JAFFXY010000355.1	1	459	459
JAFFXY010000356.1	1	459	459
JAFFXY010000357.1	1	458	458
JAFFXY010000358.1	1	458	458
JAFFXY010000359.1	1	458	458
JAFFXY010000035.1	1	8157	8157
JAFFXY010000360.1	1	458	458
JAFFXY010000361.1	1	457	457
JAFFXY010000362.1	1	457	457
JAFFXY010000363.1	1	457	457
JAFFXY010000364.1	1	457	457
JAFFXY010000365.1	1	457	457
JAFFXY010000366.1	1	456	456
JAFFXY010000367.1	1	456	456
JAFFXY010000368.1	1	456	456
JAFFXY010000369.1	1	455	455
JAFFXY010000036.1	1	7098	7098
JAFFXY010000370.1	1	454	454
JAFFXY010000371.1	1	454	454
JAFFXY010000372.1	1	454	454
JAFFXY010000373.1	1	453	453
JAFFXY010000374.1	1	453	453
JAFFXY010000375.1	1	453	453
JAFFXY010000376.1	1	452	452
JAFFXY010000377.1	1	452	452
JAFFXY010000378.1	1	452	452
JAFFXY010000379.1	1	452	452
JAFFXY010000037.1	1	6385	6385
JAFFXY010000380.1	1	451	451
JAFFXY010000381.1	1	451	451
JAFFXY010000382.1	1	451	451
JAFFXY010000383.1	1	451	451
JAFFXY010000384.1	1	451	451
JAFFXY010000385.1	1	451	451
JAFFXY010000386.1	1	451	451
JAFFXY010000387.1	1	450	450
JAFFXY010000388.1	1	450	450
JAFFXY010000389.1	1	450	450
JAFFXY010000038.1	1	6104	6104
JAFFXY010000390.1	1	450	450
JAFFXY010000391.1	1	449	449
JAFFXY010000392.1	1	449	449
JAFFXY010000393.1	1	448	448
JAFFXY010000394.1	1	448	448
JAFFXY010000395.1	1	448	448
JAFFXY010000396.1	1	447	447
JAFFXY010000397.1	1	447	447
JAFFXY010000398.1	1	447	447
JAFFXY010000399.1	1	446	446
JAFFXY010000039.1	1	5564	5564
JAFFXY010000003.1	1	179621	179621
JAFFXY010000003.1	179625	314674	135050
JAFFXY010000003.1	314679	340416	25738
JAFFXY010000003.1	340421	340484	64
JAFFXY010000003.1	340489	410566	70078
JAFFXY010000003.1	410571	429526	18956
JAFFXY010000003.1	429530	530191	100662
JAFFXY010000400.1	1	446	446
JAFFXY010000401.1	1	446	446
JAFFXY010000402.1	1	446	446
JAFFXY010000403.1	1	446	446
JAFFXY010000404.1	1	445	445
JAFFXY010000405.1	1	445	445
JAFFXY010000406.1	1	445	445
JAFFXY010000407.1	1	444	444
JAFFXY010000408.1	1	444	444
JAFFXY010000409.1	1	444	444
JAFFXY010000040.1	1	5462	5462
JAFFXY010000410.1	1	444	444
JAFFXY010000411.1	1	444	444
JAFFXY010000412.1	1	443	443
JAFFXY010000413.1	1	443	443
JAFFXY010000414.1	1	443	443
JAFFXY010000415.1	1	442	442
JAFFXY010000416.1	1	441	441
JAFFXY010000417.1	1	441	441
JAFFXY010000418.1	1	441	441
JAFFXY010000419.1	1	441	441
JAFFXY010000041.1	1	5353	5353
JAFFXY010000420.1	1	440	440
JAFFXY010000421.1	1	440	440
JAFFXY010000422.1	1	440	440
JAFFXY010000423.1	1	439	439
JAFFXY010000424.1	1	439	439
JAFFXY010000425.1	1	438	438
JAFFXY010000426.1	1	438	438
JAFFXY010000427.1	1	438	438
JAFFXY010000428.1	1	438	438
JAFFXY010000429.1	1	437	437
JAFFXY010000042.1	1	5263	5263
JAFFXY010000430.1	1	437	437
JAFFXY010000431.1	1	436	436
JAFFXY010000432.1	1	436	436
JAFFXY010000433.1	1	436	436
JAFFXY010000434.1	1	435	435
JAFFXY010000435.1	1	434	434
JAFFXY010000436.1	1	434	434
JAFFXY010000437.1	1	434	434
JAFFXY010000438.1	1	434	434
JAFFXY010000439.1	1	433	433
JAFFXY010000043.1	1	4782	4782
JAFFXY010000440.1	1	432	432
JAFFXY010000441.1	1	432	432
JAFFXY010000442.1	1	431	431
JAFFXY010000443.1	1	431	431
JAFFXY010000444.1	1	431	431
JAFFXY010000445.1	1	117	117
JAFFXY010000445.1	121	431	311
JAFFXY010000446.1	1	431	431
JAFFXY010000447.1	1	430	430
JAFFXY010000448.1	1	430	430
JAFFXY010000449.1	1	430	430
JAFFXY010000044.1	1	4513	4513
JAFFXY010000450.1	1	430	430
JAFFXY010000451.1	1	430	430
JAFFXY010000452.1	1	430	430
JAFFXY010000453.1	1	429	429
JAFFXY010000454.1	1	429	429
JAFFXY010000455.1	1	429	429
JAFFXY010000456.1	1	429	429
JAFFXY010000457.1	1	429	429
JAFFXY010000458.1	1	428	428
JAFFXY010000459.1	1	428	428
JAFFXY010000045.1	1	3976	3976
JAFFXY010000460.1	1	428	428
JAFFXY010000461.1	1	427	427
JAFFXY010000462.1	1	427	427
JAFFXY010000463.1	1	427	427
JAFFXY010000464.1	1	427	427
JAFFXY010000465.1	1	426	426
JAFFXY010000466.1	1	426	426
JAFFXY010000467.1	1	426	426
JAFFXY010000468.1	1	426	426
JAFFXY010000469.1	1	426	426
JAFFXY010000046.1	1	3964	3964
JAFFXY010000470.1	1	426	426
JAFFXY010000471.1	1	425	425
JAFFXY010000472.1	1	425	425
JAFFXY010000473.1	1	424	424
JAFFXY010000474.1	1	424	424
JAFFXY010000475.1	1	424	424
JAFFXY010000476.1	1	424	424
JAFFXY010000477.1	1	424	424
JAFFXY010000478.1	1	424	424
JAFFXY010000479.1	1	424	424
JAFFXY010000047.1	1	3744	3744
JAFFXY010000480.1	1	423	423
JAFFXY010000481.1	1	423	423
JAFFXY010000482.1	1	423	423
JAFFXY010000483.1	1	423	423
JAFFXY010000484.1	1	423	423
JAFFXY010000485.1	1	423	423
JAFFXY010000486.1	1	422	422
JAFFXY010000487.1	1	422	422
JAFFXY010000488.1	1	422	422
JAFFXY010000489.1	1	422	422
JAFFXY010000048.1	1	2681	2681
JAFFXY010000490.1	1	422	422
JAFFXY010000491.1	1	422	422
JAFFXY010000492.1	1	421	421
JAFFXY010000493.1	1	421	421
JAFFXY010000494.1	1	421	421
JAFFXY010000495.1	1	421	421
JAFFXY010000496.1	1	421	421
JAFFXY010000497.1	1	421	421
JAFFXY010000498.1	1	421	421
JAFFXY010000499.1	1	421	421
JAFFXY010000049.1	1	2666	2666
JAFFXY010000004.1	1	94479	94479
JAFFXY010000004.1	94484	97849	3366
JAFFXY010000004.1	97854	200078	102225
JAFFXY010000004.1	200083	306226	106144
JAFFXY010000004.1	306228	349494	43267
JAFFXY010000004.1	349500	354444	4945
JAFFXY010000004.1	354449	444228	89780
JAFFXY010000500.1	1	420	420
JAFFXY010000501.1	1	420	420
JAFFXY010000502.1	1	420	420
JAFFXY010000503.1	1	420	420
JAFFXY010000504.1	1	420	420
JAFFXY010000505.1	1	419	419
JAFFXY010000506.1	1	419	419
JAFFXY010000507.1	1	419	419
JAFFXY010000508.1	1	419	419
JAFFXY010000509.1	1	419	419
JAFFXY010000050.1	1	2619	2619
JAFFXY010000510.1	1	419	419
JAFFXY010000511.1	1	419	419
JAFFXY010000512.1	1	418	418
JAFFXY010000513.1	1	418	418
JAFFXY010000514.1	1	418	418
JAFFXY010000515.1	1	417	417
JAFFXY010000516.1	1	417	417
JAFFXY010000517.1	1	417	417
JAFFXY010000518.1	1	416	416
JAFFXY010000519.1	1	416	416
JAFFXY010000051.1	1	2619	2619
JAFFXY010000520.1	1	416	416
JAFFXY010000521.1	1	415	415
JAFFXY010000522.1	1	415	415
JAFFXY010000523.1	1	415	415
JAFFXY010000524.1	1	415	415
JAFFXY010000525.1	1	414	414
JAFFXY010000526.1	1	414	414
JAFFXY010000527.1	1	413	413
JAFFXY010000528.1	1	413	413
JAFFXY010000529.1	1	412	412
JAFFXY010000052.1	1	2177	2177
JAFFXY010000530.1	1	412	412
JAFFXY010000531.1	1	412	412
JAFFXY010000532.1	1	412	412
JAFFXY010000533.1	1	412	412
JAFFXY010000534.1	1	412	412
JAFFXY010000535.1	1	411	411
JAFFXY010000536.1	1	411	411
JAFFXY010000537.1	1	411	411
JAFFXY010000538.1	1	411	411
JAFFXY010000539.1	1	411	411
JAFFXY010000053.1	1	2022	2022
JAFFXY010000540.1	1	411	411
JAFFXY010000541.1	1	411	411
JAFFXY010000542.1	1	410	410
JAFFXY010000543.1	1	410	410
JAFFXY010000544.1	1	410	410
JAFFXY010000545.1	1	410	410
JAFFXY010000546.1	1	410	410
JAFFXY010000547.1	1	410	410
JAFFXY010000548.1	1	410	410
JAFFXY010000549.1	1	409	409
JAFFXY010000054.1	1	1931	1931
JAFFXY010000550.1	1	409	409
JAFFXY010000551.1	1	409	409
JAFFXY010000552.1	1	408	408
JAFFXY010000553.1	1	408	408
JAFFXY010000554.1	1	408	408
JAFFXY010000555.1	1	408	408
JAFFXY010000556.1	1	408	408
JAFFXY010000557.1	1	407	407
JAFFXY010000558.1	1	407	407
JAFFXY010000559.1	1	407	407
JAFFXY010000055.1	1	1873	1873
JAFFXY010000560.1	1	407	407
JAFFXY010000561.1	1	406	406
JAFFXY010000562.1	1	406	406
JAFFXY010000563.1	1	406	406
JAFFXY010000564.1	1	406	406
JAFFXY010000565.1	1	406	406
JAFFXY010000566.1	1	405	405
JAFFXY010000567.1	1	405	405
JAFFXY010000568.1	1	405	405
JAFFXY010000569.1	1	404	404
JAFFXY010000056.1	1	1766	1766
JAFFXY010000570.1	1	404	404
JAFFXY010000571.1	1	404	404
JAFFXY010000572.1	1	403	403
JAFFXY010000573.1	1	403	403
JAFFXY010000574.1	1	403	403
JAFFXY010000575.1	1	403	403
JAFFXY010000576.1	1	403	403
JAFFXY010000577.1	1	403	403
JAFFXY010000578.1	1	402	402
JAFFXY010000579.1	1	402	402
JAFFXY010000057.1	1	1672	1672
JAFFXY010000580.1	1	402	402
JAFFXY010000581.1	1	402	402
JAFFXY010000582.1	1	402	402
JAFFXY010000583.1	1	402	402
JAFFXY010000584.1	1	402	402
JAFFXY010000585.1	1	402	402
JAFFXY010000586.1	1	402	402
JAFFXY010000587.1	1	402	402
JAFFXY010000588.1	1	401	401
JAFFXY010000589.1	1	401	401
JAFFXY010000058.1	1	1652	1652
JAFFXY010000590.1	1	401	401
JAFFXY010000591.1	1	401	401
JAFFXY010000592.1	1	400	400
JAFFXY010000593.1	1	400	400
JAFFXY010000594.1	1	400	400
JAFFXY010000595.1	1	400	400
JAFFXY010000596.1	1	399	399
JAFFXY010000597.1	1	399	399
JAFFXY010000598.1	1	399	399
JAFFXY010000599.1	1	399	399
JAFFXY010000059.1	1	1604	1604
JAFFXY010000005.1	1	181361	181361
JAFFXY010000005.1	181371	196288	14918
JAFFXY010000005.1	196294	214829	18536
JAFFXY010000005.1	214847	218150	3304
JAFFXY010000005.1	218154	262469	44316
JAFFXY010000005.1	262472	423191	160720
JAFFXY010000600.1	1	399	399
JAFFXY010000601.1	1	399	399
JAFFXY010000602.1	1	398	398
JAFFXY010000603.1	1	398	398
JAFFXY010000604.1	1	398	398
JAFFXY010000605.1	1	398	398
JAFFXY010000606.1	1	398	398
JAFFXY010000607.1	1	398	398
JAFFXY010000608.1	1	397	397
JAFFXY010000609.1	1	397	397
JAFFXY010000060.1	1	1580	1580
JAFFXY010000610.1	1	397	397
JAFFXY010000611.1	1	397	397
JAFFXY010000612.1	1	397	397
JAFFXY010000613.1	1	396	396
JAFFXY010000614.1	1	396	396
JAFFXY010000615.1	1	396	396
JAFFXY010000616.1	1	396	396
JAFFXY010000617.1	1	396	396
JAFFXY010000618.1	1	396	396
JAFFXY010000619.1	1	396	396
JAFFXY010000061.1	1	1450	1450
JAFFXY010000620.1	1	396	396
JAFFXY010000621.1	1	396	396
JAFFXY010000622.1	1	395	395
JAFFXY010000623.1	1	395	395
JAFFXY010000624.1	1	395	395
JAFFXY010000625.1	1	395	395
JAFFXY010000626.1	1	395	395
JAFFXY010000627.1	1	394	394
JAFFXY010000628.1	1	394	394
JAFFXY010000629.1	1	394	394
JAFFXY010000062.1	1	1236	1236
JAFFXY010000630.1	1	394	394
JAFFXY010000631.1	1	394	394
JAFFXY010000632.1	1	393	393
JAFFXY010000633.1	1	393	393
JAFFXY010000634.1	1	393	393
JAFFXY010000635.1	1	393	393
JAFFXY010000636.1	1	393	393
JAFFXY010000637.1	1	392	392
JAFFXY010000638.1	1	392	392
JAFFXY010000639.1	1	392	392
JAFFXY010000063.1	1	1201	1201
JAFFXY010000640.1	1	392	392
JAFFXY010000641.1	1	392	392
JAFFXY010000642.1	1	392	392
JAFFXY010000643.1	1	391	391
JAFFXY010000644.1	1	391	391
JAFFXY010000645.1	1	391	391
JAFFXY010000646.1	1	391	391
JAFFXY010000647.1	1	391	391
JAFFXY010000648.1	1	391	391
JAFFXY010000649.1	1	390	390
JAFFXY010000064.1	1	1176	1176
JAFFXY010000650.1	1	390	390
JAFFXY010000651.1	1	390	390
JAFFXY010000652.1	1	390	390
JAFFXY010000653.1	1	390	390
JAFFXY010000654.1	1	390	390
JAFFXY010000655.1	1	390	390
JAFFXY010000656.1	1	390	390
JAFFXY010000657.1	1	390	390
JAFFXY010000658.1	1	390	390
JAFFXY010000659.1	1	389	389
JAFFXY010000065.1	1	1139	1139
JAFFXY010000660.1	1	389	389
JAFFXY010000661.1	1	389	389
JAFFXY010000662.1	1	389	389
JAFFXY010000663.1	1	389	389
JAFFXY010000664.1	1	389	389
JAFFXY010000665.1	1	389	389
JAFFXY010000666.1	1	388	388
JAFFXY010000667.1	1	388	388
JAFFXY010000668.1	1	388	388
JAFFXY010000669.1	1	388	388
JAFFXY010000066.1	1	1077	1077
JAFFXY010000670.1	1	388	388
JAFFXY010000671.1	1	387	387
JAFFXY010000672.1	1	387	387
JAFFXY010000673.1	1	387	387
JAFFXY010000674.1	1	387	387
JAFFXY010000675.1	1	387	387
JAFFXY010000676.1	1	387	387
JAFFXY010000677.1	1	387	387
JAFFXY010000678.1	1	387	387
JAFFXY010000679.1	1	386	386
JAFFXY010000067.1	1	1040	1040
JAFFXY010000680.1	1	386	386
JAFFXY010000681.1	1	386	386
JAFFXY010000682.1	1	385	385
JAFFXY010000683.1	1	385	385
JAFFXY010000684.1	1	385	385
JAFFXY010000685.1	1	385	385
JAFFXY010000686.1	1	385	385
JAFFXY010000687.1	1	385	385
JAFFXY010000688.1	1	385	385
JAFFXY010000689.1	1	385	385
JAFFXY010000068.1	1	996	996
JAFFXY010000690.1	1	384	384
JAFFXY010000691.1	1	384	384
JAFFXY010000692.1	1	384	384
JAFFXY010000693.1	1	384	384
JAFFXY010000694.1	1	384	384
JAFFXY010000695.1	1	384	384
JAFFXY010000696.1	1	384	384
JAFFXY010000697.1	1	384	384
JAFFXY010000698.1	1	383	383
JAFFXY010000699.1	1	383	383
JAFFXY010000069.1	1	985	985
JAFFXY010000006.1	1	35545	35545
JAFFXY010000006.1	35550	182584	147035
JAFFXY010000006.1	182589	187900	5312
JAFFXY010000006.1	187905	406304	218400
JAFFXY010000700.1	1	383	383
JAFFXY010000701.1	1	383	383
JAFFXY010000702.1	1	383	383
JAFFXY010000703.1	1	383	383
JAFFXY010000704.1	1	383	383
JAFFXY010000705.1	1	383	383
JAFFXY010000706.1	1	383	383
JAFFXY010000707.1	1	383	383
JAFFXY010000708.1	1	383	383
JAFFXY010000709.1	1	382	382
JAFFXY010000070.1	1	973	973
JAFFXY010000710.1	1	382	382
JAFFXY010000711.1	1	382	382
JAFFXY010000712.1	1	382	382
JAFFXY010000713.1	1	382	382
JAFFXY010000714.1	1	381	381
JAFFXY010000715.1	1	381	381
JAFFXY010000716.1	1	381	381
JAFFXY010000717.1	1	381	381
JAFFXY010000718.1	1	381	381
JAFFXY010000719.1	1	380	380
JAFFXY010000071.1	1	943	943
JAFFXY010000720.1	1	380	380
JAFFXY010000721.1	1	380	380
JAFFXY010000722.1	1	379	379
JAFFXY010000723.1	1	379	379
JAFFXY010000724.1	1	379	379
JAFFXY010000725.1	1	379	379
JAFFXY010000726.1	1	378	378
JAFFXY010000727.1	1	378	378
JAFFXY010000728.1	1	378	378
JAFFXY010000729.1	1	377	377
JAFFXY010000072.1	1	922	922
JAFFXY010000730.1	1	377	377
JAFFXY010000731.1	1	377	377
JAFFXY010000732.1	1	377	377
JAFFXY010000733.1	1	377	377
JAFFXY010000734.1	1	377	377
JAFFXY010000735.1	1	376	376
JAFFXY010000736.1	1	376	376
JAFFXY010000737.1	1	376	376
JAFFXY010000738.1	1	376	376
JAFFXY010000739.1	1	376	376
JAFFXY010000073.1	1	912	912
JAFFXY010000740.1	1	376	376
JAFFXY010000741.1	1	376	376
JAFFXY010000742.1	1	375	375
JAFFXY010000743.1	1	375	375
JAFFXY010000744.1	1	375	375
JAFFXY010000745.1	1	375	375
JAFFXY010000746.1	1	375	375
JAFFXY010000747.1	1	375	375
JAFFXY010000748.1	1	374	374
JAFFXY010000749.1	1	374	374
JAFFXY010000074.1	1	912	912
JAFFXY010000750.1	1	374	374
JAFFXY010000751.1	1	374	374
JAFFXY010000752.1	1	374	374
JAFFXY010000753.1	1	374	374
JAFFXY010000754.1	1	374	374
JAFFXY010000755.1	1	374	374
JAFFXY010000756.1	1	373	373
JAFFXY010000757.1	1	373	373
JAFFXY010000758.1	1	373	373
JAFFXY010000759.1	1	373	373
JAFFXY010000075.1	1	891	891
JAFFXY010000760.1	1	373	373
JAFFXY010000761.1	1	373	373
JAFFXY010000762.1	1	373	373
JAFFXY010000763.1	1	372	372
JAFFXY010000764.1	1	372	372
JAFFXY010000765.1	1	372	372
JAFFXY010000766.1	1	372	372
JAFFXY010000767.1	1	371	371
JAFFXY010000768.1	1	371	371
JAFFXY010000769.1	1	371	371
JAFFXY010000076.1	1	872	872
JAFFXY010000770.1	1	370	370
JAFFXY010000771.1	1	370	370
JAFFXY010000772.1	1	370	370
JAFFXY010000773.1	1	370	370
JAFFXY010000774.1	1	370	370
JAFFXY010000775.1	1	370	370
JAFFXY010000776.1	1	369	369
JAFFXY010000777.1	1	369	369
JAFFXY010000778.1	1	369	369
JAFFXY010000779.1	1	368	368
JAFFXY010000077.1	1	840	840
JAFFXY010000780.1	1	368	368
JAFFXY010000781.1	1	368	368
JAFFXY010000782.1	1	368	368
JAFFXY010000783.1	1	368	368
JAFFXY010000784.1	1	368	368
JAFFXY010000785.1	1	367	367
JAFFXY010000786.1	1	367	367
JAFFXY010000787.1	1	367	367
JAFFXY010000788.1	1	367	367
JAFFXY010000789.1	1	367	367
JAFFXY010000078.1	1	827	827
JAFFXY010000790.1	1	367	367
JAFFXY010000791.1	1	367	367
JAFFXY010000792.1	1	367	367
JAFFXY010000793.1	1	367	367
JAFFXY010000794.1	1	366	366
JAFFXY010000795.1	1	366	366
JAFFXY010000796.1	1	366	366
JAFFXY010000797.1	1	366	366
JAFFXY010000798.1	1	365	365
JAFFXY010000799.1	1	365	365
JAFFXY010000079.1	1	819	819
JAFFXY010000007.1	1	154036	154036
JAFFXY010000007.1	154040	239298	85259
JAFFXY010000007.1	239303	297107	57805
JAFFXY010000007.1	297121	324262	27142
JAFFXY010000800.1	1	365	365
JAFFXY010000801.1	1	365	365
JAFFXY010000802.1	1	365	365
JAFFXY010000803.1	1	364	364
JAFFXY010000804.1	1	365	365
JAFFXY010000805.1	1	365	365
JAFFXY010000806.1	1	365	365
JAFFXY010000807.1	1	364	364
JAFFXY010000808.1	1	344	344
JAFFXY010000809.1	1	364	364
JAFFXY010000080.1	1	782	782
JAFFXY010000810.1	1	364	364
JAFFXY010000811.1	1	364	364
JAFFXY010000812.1	1	364	364
JAFFXY010000813.1	1	364	364
JAFFXY010000814.1	1	364	364
JAFFXY010000815.1	1	364	364
JAFFXY010000816.1	1	363	363
JAFFXY010000817.1	1	363	363
JAFFXY010000818.1	1	363	363
JAFFXY010000819.1	1	363	363
JAFFXY010000081.1	1	774	774
JAFFXY010000820.1	1	363	363
JAFFXY010000821.1	1	363	363
JAFFXY010000822.1	1	363	363
JAFFXY010000823.1	1	363	363
JAFFXY010000824.1	1	363	363
JAFFXY010000825.1	1	363	363
JAFFXY010000826.1	1	362	362
JAFFXY010000827.1	1	362	362
JAFFXY010000828.1	1	362	362
JAFFXY010000829.1	1	362	362
JAFFXY010000082.1	1	769	769
JAFFXY010000830.1	1	362	362
JAFFXY010000831.1	1	362	362
JAFFXY010000832.1	1	362	362
JAFFXY010000833.1	1	362	362
JAFFXY010000834.1	1	362	362
JAFFXY010000835.1	1	362	362
JAFFXY010000836.1	1	362	362
JAFFXY010000837.1	1	362	362
JAFFXY010000838.1	1	361	361
JAFFXY010000839.1	1	361	361
JAFFXY010000083.1	1	768	768
JAFFXY010000840.1	1	361	361
JAFFXY010000841.1	1	361	361
JAFFXY010000842.1	1	361	361
JAFFXY010000843.1	1	361	361
JAFFXY010000844.1	1	361	361
JAFFXY010000845.1	1	360	360
JAFFXY010000846.1	1	360	360
JAFFXY010000847.1	1	360	360
JAFFXY010000848.1	1	360	360
JAFFXY010000849.1	1	360	360
JAFFXY010000084.1	1	764	764
JAFFXY010000850.1	1	359	359
JAFFXY010000851.1	1	359	359
JAFFXY010000852.1	1	359	359
JAFFXY010000853.1	1	359	359
JAFFXY010000854.1	1	359	359
JAFFXY010000855.1	1	358	358
JAFFXY010000856.1	1	358	358
JAFFXY010000857.1	1	358	358
JAFFXY010000858.1	1	358	358
JAFFXY010000859.1	1	358	358
JAFFXY010000085.1	1	761	761
JAFFXY010000860.1	1	358	358
JAFFXY010000861.1	1	358	358
JAFFXY010000862.1	1	358	358
JAFFXY010000863.1	1	358	358
JAFFXY010000864.1	1	358	358
JAFFXY010000865.1	1	357	357
JAFFXY010000866.1	1	357	357
JAFFXY010000867.1	1	357	357
JAFFXY010000868.1	1	357	357
JAFFXY010000869.1	1	357	357
JAFFXY010000086.1	1	759	759
JAFFXY010000870.1	1	357	357
JAFFXY010000871.1	1	356	356
JAFFXY010000872.1	1	356	356
JAFFXY010000873.1	1	356	356
JAFFXY010000874.1	1	356	356
JAFFXY010000875.1	1	356	356
JAFFXY010000876.1	1	356	356
JAFFXY010000877.1	1	355	355
JAFFXY010000878.1	1	355	355
JAFFXY010000879.1	1	355	355
JAFFXY010000087.1	1	738	738
JAFFXY010000880.1	1	355	355
JAFFXY010000881.1	1	355	355
JAFFXY010000882.1	1	355	355
JAFFXY010000883.1	1	355	355
JAFFXY010000884.1	1	355	355
JAFFXY010000885.1	1	355	355
JAFFXY010000886.1	1	355	355
JAFFXY010000887.1	1	354	354
JAFFXY010000888.1	1	354	354
JAFFXY010000889.1	1	354	354
JAFFXY010000088.1	1	729	729
JAFFXY010000890.1	1	354	354
JAFFXY010000891.1	1	354	354
JAFFXY010000892.1	1	354	354
JAFFXY010000893.1	1	354	354
JAFFXY010000894.1	1	354	354
JAFFXY010000895.1	1	354	354
JAFFXY010000896.1	1	354	354
JAFFXY010000897.1	1	354	354
JAFFXY010000898.1	1	353	353
JAFFXY010000899.1	1	353	353
JAFFXY010000089.1	1	723	723
JAFFXY010000008.1	1	196610	196610
JAFFXY010000008.1	196615	212869	16255
JAFFXY010000008.1	212873	242349	29477
JAFFXY010000008.1	242354	244519	2166
JAFFXY010000900.1	1	353	353
JAFFXY010000901.1	1	353	353
JAFFXY010000902.1	1	353	353
JAFFXY010000903.1	1	353	353
JAFFXY010000904.1	1	353	353
JAFFXY010000905.1	1	353	353
JAFFXY010000906.1	1	353	353
JAFFXY010000907.1	1	352	352
JAFFXY010000908.1	1	352	352
JAFFXY010000909.1	1	352	352
JAFFXY010000090.1	1	701	701
JAFFXY010000910.1	1	352	352
JAFFXY010000911.1	1	352	352
JAFFXY010000912.1	1	352	352
JAFFXY010000913.1	1	352	352
JAFFXY010000914.1	1	352	352
JAFFXY010000915.1	1	352	352
JAFFXY010000916.1	1	352	352
JAFFXY010000917.1	1	352	352
JAFFXY010000918.1	1	352	352
JAFFXY010000919.1	1	351	351
JAFFXY010000091.1	1	700	700
JAFFXY010000920.1	1	351	351
JAFFXY010000921.1	1	351	351
JAFFXY010000922.1	1	351	351
JAFFXY010000923.1	1	351	351
JAFFXY010000924.1	1	351	351
JAFFXY010000925.1	1	351	351
JAFFXY010000926.1	1	351	351
JAFFXY010000927.1	1	351	351
JAFFXY010000928.1	1	351	351
JAFFXY010000929.1	1	351	351
JAFFXY010000092.1	1	696	696
JAFFXY010000930.1	1	350	350
JAFFXY010000931.1	1	350	350
JAFFXY010000932.1	1	350	350
JAFFXY010000933.1	1	350	350
JAFFXY010000934.1	1	350	350
JAFFXY010000935.1	1	350	350
JAFFXY010000936.1	1	350	350
JAFFXY010000937.1	1	350	350
JAFFXY010000938.1	1	350	350
JAFFXY010000939.1	1	350	350
JAFFXY010000093.1	1	694	694
JAFFXY010000940.1	1	349	349
JAFFXY010000941.1	1	349	349
JAFFXY010000942.1	1	349	349
JAFFXY010000943.1	1	349	349
JAFFXY010000944.1	1	349	349
JAFFXY010000945.1	1	349	349
JAFFXY010000946.1	1	349	349
JAFFXY010000947.1	1	349	349
JAFFXY010000948.1	1	349	349
JAFFXY010000949.1	1	349	349
JAFFXY010000094.1	1	693	693
JAFFXY010000950.1	1	349	349
JAFFXY010000951.1	1	349	349
JAFFXY010000952.1	1	349	349
JAFFXY010000953.1	1	348	348
JAFFXY010000954.1	1	348	348
JAFFXY010000955.1	1	348	348
JAFFXY010000956.1	1	348	348
JAFFXY010000957.1	1	348	348
JAFFXY010000958.1	1	348	348
JAFFXY010000959.1	1	347	347
JAFFXY010000095.1	1	690	690
JAFFXY010000960.1	1	347	347
JAFFXY010000961.1	1	347	347
JAFFXY010000962.1	1	347	347
JAFFXY010000963.1	1	347	347
JAFFXY010000964.1	1	347	347
JAFFXY010000965.1	1	347	347
JAFFXY010000966.1	1	347	347
JAFFXY010000967.1	1	347	347
JAFFXY010000968.1	1	347	347
JAFFXY010000969.1	1	347	347
JAFFXY010000096.1	1	690	690
JAFFXY010000970.1	1	346	346
JAFFXY010000971.1	1	346	346
JAFFXY010000972.1	1	346	346
JAFFXY010000973.1	1	346	346
JAFFXY010000974.1	1	346	346
JAFFXY010000975.1	1	346	346
JAFFXY010000976.1	1	346	346
JAFFXY010000977.1	1	346	346
JAFFXY010000978.1	1	345	345
JAFFXY010000979.1	1	345	345
JAFFXY010000097.1	1	688	688
JAFFXY010000980.1	1	345	345
JAFFXY010000981.1	1	345	345
JAFFXY010000982.1	1	345	345
JAFFXY010000983.1	1	345	345
JAFFXY010000984.1	1	344	344
JAFFXY010000985.1	1	344	344
JAFFXY010000986.1	1	344	344
JAFFXY010000987.1	1	344	344
JAFFXY010000988.1	1	344	344
JAFFXY010000989.1	1	344	344
JAFFXY010000098.1	1	688	688
JAFFXY010000990.1	1	343	343
JAFFXY010000991.1	1	343	343
JAFFXY010000992.1	1	343	343
JAFFXY010000993.1	1	343	343
JAFFXY010000994.1	1	343	343
JAFFXY010000995.1	1	343	343
JAFFXY010000996.1	1	343	343
JAFFXY010000997.1	1	343	343
JAFFXY010000998.1	1	343	343
JAFFXY010000999.1	1	343	343
JAFFXY010000099.1	1	688	688
JAFFXY010000009.1	1	43288	43288
JAFFXY010000009.1	43292	142192	98901
JAFFXY010000009.1	142198	163939	21742
JAFFXY010000009.1	163945	170005	6061
JAFFXY010000009.1	170019	180420	10402
JAFFXY010000009.1	180424	238128	57705
